I1,Acorns 1,Object,Pixabay,0.664845173,0.162162162,0.4668163,0.458823529,0.396078431,0.349019608
I2,Acorns 2,Object,Pixabay,0.633879781,0.132678133,0.6971476,0.792156863,0.815686275,0.831372549
I3,Acorns 3,Object,Pixabay,0.677595628,0.152334152,0.2684894,0.192156863,0.17254902,0.141176471
I4,Alcohol 1,Object,Pixabay,0.664642785,0.290918541,0.3655522,0.184313725,0.098039216,0.070588235
I5,Alcohol 2,Object,Pixabay,0.583788707,0.324324324,0.5161398,0.254901961,0.352941176,0.317647059
I6,Alcohol 3,Object,Pixabay,0.568306011,0.162067662,0.009144302,0.019607843,0.019607843,0.019607843
I7,Alcohol 4,Object,Pixabay,0.680125481,0.290918541,0.4827218,0.623529412,0.28627451,0.121568627
I8,Alcohol 5,Object,Pixabay,0.785063752,0.461916462,0.3621555,0.854901961,0.819607843,0.737254902
I9,Alcohol 6,Object,Pixabay,0.637117992,0.236037611,0.4649792,0.917647059,0.807843137,0.694117647
I10,Alcohol 7,Object,Pixabay,0.625637974,0.355645142,0.3023105,0.470588235,0.203921569,0.02745098
I11,Alcohol 8,Object,Pixabay,0.811430323,0.521886405,0.6300727,0.188235294,0.133333333,0.121568627
I12,Ambulance 1,Object,Pixabay,0.227686703,0.613045738,0.5932774,0.776470588,0.776470588,0.776470588
I13,Ambulance 2,Object,Pixabay,0.384659778,0.426506721,0.5546598,0.603921569,0.607843137,0.6
I14,Ambulance 3,Object,Pixabay,0.404894588,0.476109826,0.51449,0.509803922,0.556862745,0.541176471
I15,Angry face 1,Person,Pixabay,0.422586521,0.388206388,0.509144,0.160784314,0.160784314,0.160784314
I16,Angry face 2,Person,Wikipedia,0.366120219,0.457002457,0.2876581,0.4,0.298039216,0.22745098
I17,Angry face 3,Person,Wikipedia,0.258652095,0.488943489,0.4116467,0.717647059,0.552941176,0.435294118
I18,Angry face 4,Person,Flickr/Jan Tik,0.256830601,0.540540541,0.618181,0.839215686,0.584313725,0.254901961
I19,Angry face 5,Person,Flickr/Bart,0.324225865,0.461916462,0.2266581,0.960784314,0.674509804,0.674509804
I20,Angry pose 1,Person,Pixabay,0.317142279,0.477036477,0.5232797,0.784313725,0.784313725,0.788235294
I21,Angry pose 2,Person,Flickr/madstreetz,0.315421979,0.503283878,0.07367386,0.023529412,0.023529412,0.023529412
I22,Animal carcass 1,Animal,Wikipedia,0.299939284,0.515214515,0.3925634,0.447058824,0.368627451,0.333333333
I23,Animal carcass 2,Animal,Wikipedia,0.398907104,0.57985258,0.4888471,0.71372549,0.6,0.474509804
I24,Animal carcass 3,Animal,Wikipedia,0.305100182,0.677471178,0.4194974,0.4,0.423529412,0.305882353
I25,Animal carcass 4,Animal,Wikipedia,0.499089253,0.621621622,0.5660062,0.611764706,0.564705882,0.42745098
I26,Animal carcass 5,Animal,Wikipedia,0.094717669,0.69041769,0.5086665,0.509803922,0.462745098,0.341176471
I27,Animal carcass 6,Animal,Wikipedia,0.2397288,0.751441126,0.2902468,0.180392157,0.168627451,0.11372549
I28,Archery 1,Person,Pixabay,0.591985428,0.511056511,0.3971919,0.309803922,0.396078431,0.211764706
I29,Archery 2,Person,Pixabay,0.68852459,0.437346437,0.3881674,0.341176471,0.329411765,0.576470588
I30,Astronaut 1,Person,Pixabay,0.855596033,0.713263088,0.5184656,0.466666667,0.450980392,0.403921569
I31,Astronaut 2,Person,Pixabay,0.74863388,0.491400491,0.2932603,0.733333333,0.717647059,0.690196078
I32,Baby 1,Person,Pixabay,0.94161101,0.593956719,0.4102754,0.823529412,0.733333333,0.721568627
I33,Baby 2,Person,Pixabay,0.914086217,0.488967114,0.4422559,0.545098039,0.501960784,0.42745098
I34,Baby 3,Person,Pixabay,0.879492867,0.601393097,0.374018,0.901960784,0.894117647,0.882352941
I35,Baby 4,Person,Pixabay,0.894209093,0.639941795,0.757012,0.941176471,0.901960784,0.843137255
I36,Baby 5,Person,Pixabay,0.934729812,0.503283878,0.5466534,0.756862745,0.756862745,0.756862745
I37,Baby 6,Person,Pixabay,0.917526817,0.486580987,0.7760746,0.580392157,0.584313725,0.709803922
I38,Baby 7,Person,Pixabay,0.346083789,0.633906634,0.9272136,0.584313725,0.431372549,0.356862745
I39,Baby 8,Person,Pixabay,0.927848614,0.553392553,0.2833672,0.745098039,0.501960784,0.462745098
I40,Baby 9,Person,Pixabay,0.881602914,0.484029484,0.6407061,0.352941176,0.184313725,0.149019608
I41,Baby 10,Person,Pixabay,0.801457195,0.545454545,0.4974808,0.941176471,0.819607843,0.760784314
I42,Band 1,Person,Pixabay,0.699219102,0.326733618,0.5637384,0.478431373,0.262745098,0.125490196
I43,Band 2,Person,Pixabay,0.752276867,0.533169533,0.3692532,0.066666667,0.082352941,0.176470588
I44,Bar 1,Scene,Pixabay,0.704918033,0.437346437,0.7942865,0.266666667,0.160784314,0.117647059
I45,Bar 2,Scene,Pixabay,0.677144764,0.519477112,0.2862359,0.458823529,0.396078431,0.368627451
I46,Bar 3,Scene,Pixabay,0.628415301,0.388206388,0.2141918,0.831372549,0.698039216,0.478431373
I47,Barbeque 1,Person,Pixabay,0.670309654,0.343980344,0.4074836,0.294117647,0.301960784,0.192156863
I48,Barbeque 2,Person,Pixabay,0.750725892,0.355645142,0.4446876,0.22745098,0.376470588,0.180392157
I49,Bark 1,Object,Pixabay,0.544221818,0.092869968,0.323527,0.576470588,0.501960784,0.411764706
I50,Bark 2,Object,Pixabay,0.585509006,0.104800605,0.5288568,0.243137255,0.211764706,0.164705882
I51,Bark 3,Object,Pixabay,0.653916211,0.098280098,0.4898805,0.560784314,0.564705882,0.521568627
I52,Bark 4,Object,Pixabay,0.581489297,0.136399418,0.4997701,0.51372549,0.439215686,0.376470588
I53,Bark 5,Object,Pixabay,0.574131184,0.090622838,0.2771295,0.431372549,0.42745098,0.403921569
I54,Bark 6,Object,Pixabay,0.585168353,0.126762243,0.5597227,0.811764706,0.658823529,0.37254902
I55,Barrels 1,Object,Pixabay,0.575970712,0.191813172,0.5002235,0.109803922,0.121568627,0.125490196
I56,BDSM 1,Person,Wikipedia,0.599271403,0.71007371,0.4837773,0.203921569,0.184313725,0.196078431
I57,BDSM 2,Person,Wikipedia,0.524463922,0.647169676,0.3420454,0.243137255,0.196078431,0.211764706
I58,BDSM 3,Person,Wikipedia,0.528739122,0.627362502,0.2277245,0.196078431,0.188235294,0.184313725
I59,Beach 1,Scene,Pixabay,0.976987863,0.755587892,0.464095,0.058823529,0.407843137,0.776470588
I60,Beach 2,Scene,Pixabay,0.969034608,0.606879607,0.4815071,0.721568627,0.568627451,0.698039216
I61,Beach 3,Scene,Pixabay,0.818788436,0.524295699,0.4803656,0.792156863,0.509803922,0.17254902
I62,Beach 4,Scene,Wikipedia,0.895162923,0.479422604,0.5899674,0.509803922,0.584313725,0.643137255
I63,Beach 5,Scene,Pixabay,0.833232139,0.412611038,0.4908583,0.392156863,0.411764706,0.48627451
I64,Beach 6,Scene,Wikipedia,0.919247116,0.546234171,0.4812024,0.196078431,0.2,0.192156863
I65,Beach 7,Scene,Pixabay,0.921675774,0.648648649,0.6088399,0.564705882,0.615686275,0.678431373
I66,Beach 8,Scene,Pixabay,0.881602914,0.545454545,0.4239859,0.862745098,0.823529412,0.760784314
I67,Bear 1,Animal,Wikipedia,0.750657762,0.407838783,0.4994444,0.705882353,0.682352941,0.650980392
I68,Bear 2,Animal,Flickr/Tim Williams,0.614754098,0.517600643,0.4454565,0.28627451,0.250980392,0.203921569
I69,Bear 3,Animal,Pixabay,0.809590795,0.651988264,0.7684805,0.729411765,0.752941176,0.784313725
I70,Bed 1,Object,Flickr/Hannah,0.541019676,0.321915031,0.1486788,0.133333333,0.101960784,0.058823529
I71,Bee 1,Animal,Wikipedia,0.471969237,0.477036477,0.6684417,0.909803922,0.709803922,0.62745098
I72,Biking 1,Person,Pixabay,0.739526412,0.466830467,0.5204421,0.525490196,0.517647059,0.356862745
I73,Billiards 1,Object,Pixabay,0.633879781,0.218673219,0.2761907,0.878431373,0.443137255,0.184313725
I74,Bird 1,Animal,Pixabay,0.891722323,0.326710452,0.4643394,0.48627451,0.411764706,0.321568627
I75,Bird 2,Animal,Pixabay,0.811430323,0.497793469,0.3151807,0.215686275,0.247058824,0.098039216
I76,Bird 3,Animal,Pixabay,0.915806517,0.431700057,0.475816,0.470588235,0.462745098,0.494117647
I77,Bird 4,Animal,Pixabay,0.825136612,0.466830467,0.5016443,0.31372549,0.37254902,0.294117647
I78,Bird 5,Animal,Pixabay,0.624772313,0.683046683,0.6065751,0.654901961,0.490196078,0.243137255
I79,Birthday 1,Scene,Pixabay,0.868852459,0.437346437,0.3369091,0.254901961,0.207843137,0.188235294
I80,Birthday 2,Person,Pixabay,0.7838374,0.418286778,0.5349531,0.737254902,0.482352941,0.325490196
I81,Birthday 3,Scene,Pixabay,0.828779599,0.42997543,0.4185352,0.392156863,0.321568627,0.290196078
I82,Bloody knife 1,Object,Flickr/Maarten Van Damme,0.136612022,0.707616708,0.3809702,0.223529412,0.11372549,0.125490196
I83,Bloody knife 2,Object,Flickr/Steven Depolo,0.213583654,0.548388636,0.3410543,0.843137255,0.674509804,0.560784314
I84,Boat 1,Object,Pixabay,0.643999191,0.274215649,0.4855598,0.541176471,0.490196078,0.454901961
I85,Bored face 1,Person,Flickr,0.471969237,0.169226044,0.518411,0.545098039,0.431372549,0.423529412
I86,Bored pose 1,Person,Pixabay,0.455373406,0.304668305,0.3991885,0.466666667,0.309803922,0.22745098
I87,Bored pose 2,Person,Pixabay,0.386156649,0.26044226,0.3246514,0.223529412,0.196078431,0.17254902
I88,Bored pose 3,Person,Wikipedia,0.367941712,0.253071253,0.4717788,0.654901961,0.51372549,0.403921569
I89,Bored pose 4,Person,Wikipedia,0.375227687,0.329238329,0.2617128,0.141176471,0.101960784,0.074509804
I90,Bored pose 5,Person,All-free-download.com,0.500550055,0.333961499,0.837431,0.145098039,0.105882353,0.105882353
I91,Bored pose 6,Person,Pixabay,0.641165756,0.42014742,0.3883802,0.098039216,0.098039216,0.098039216
I92,Bottle 1,Object,Pixabay,0.570127505,0.115479115,0.538648,0.282352941,0.352941176,0.439215686
I93,Boxing 1,Person,Pixabay,0.488160292,0.545454545,0.3044955,0.823529412,0.709803922,0.439215686
I94,Boxing 2,Person,Pixabay,0.480874317,0.621621622,0.4173116,0.474509804,0.37254902,0.294117647
I95,Bricks 1,Object,Pixabay,0.566484517,0.029484029,0.5177736,0.541176471,0.494117647,0.415686275
I96,Bridge 1,Scene,Pixabay,0.888690508,0.461654064,0.4798778,0.337254902,0.431372549,0.298039216
I97,Bubble 1,Object,Pixabay,0.684502877,0.343598674,0.5018329,0.31372549,0.274509804,0.250980392
I98,Bubble 2,Object,Pixabay,0.723132969,0.333961499,0.6643511,0.494117647,0.662745098,0.854901961
I99,Building 1,Scene,Pixabay,0.730014167,0.374432999,0.2946512,0.780392157,0.698039216,0.654901961
I100,Building 2,Scene,Pixabay,0.685286379,0.367274617,0.278048,0.207843137,0.211764706,0.219607843
I101,Bungee jumping 1,Person,Wikipedia,0.575187209,0.710876961,0.5124005,0.568627451,0.57254902,0.549019608
I102,Bungee jumping 2,Person,Wikipedia,0.679417122,0.734643735,0.5402041,0.17254902,0.615686275,0.929411765
I103,Bungee jumping 3,Person,Flickr/Eric Chan,0.743776564,0.660768286,0.2452867,0.184313725,0.22745098,0.156862745
I104,Camping 1,Person,Pixabay,0.83534419,0.38696596,0.518799,0.443137255,0.454901961,0.290196078
I105,Camping 2,Person,Pixabay,0.715774856,0.370100904,0.6077101,0.854901961,0.97254902,0.980392157
I106,Camping 3,Person,Pixabay,0.726573568,0.31955207,0.5486897,0.678431373,0.51372549,0.388235294
I107,Camping 4,Person,Pixabay,0.845173042,0.380835381,0.3873008,0.160784314,0.109803922,0.070588235
I108,Camping 6,Person,Pixabay,0.515266281,0.358054436,0.526531,0.541176471,0.51372549,0.403921569
I109,Camping 7,Person,Pixabay,0.763205829,0.319410319,0.156459,0.133333333,0.098039216,0.145098039
I110,Camping 8,Person,Pixabay,0.455373406,0.506142506,0.6528555,0.733333333,0.721568627,0.741176471
I111,Camping 9,Person,Pixabay,0.535519126,0.447174447,0.606468,0.62745098,0.57254902,0.48627451
I112,Camping 10,Scene,Pixabay,0.712204007,0.515970516,0.6053717,0.57254902,0.568627451,0.509803922
I113,Candle 1,Object,Pixabay,0.732240437,0.400491401,0.1640209,0.211764706,0.082352941,0.039215686
I114,Car 1,Object,Pixabay,0.765027322,0.653562654,0.6975833,0.870588235,0.760784314,0.764705882
I115,Car 2,Object,Pixabay,0.522624394,0.293003507,0.3571234,0.192156863,0.188235294,0.168627451
I116,Car accident 1,Object,Pixabay,0.193078324,0.597051597,0.296941,0.149019608,0.145098039,0.196078431
I117,Car accident 2,Object,Pixabay,0.160595021,0.593956719,0.4996804,0.184313725,0.2,0.239215686
I118,Car accident 3,Object,Pixabay,0.29143898,0.695331695,0.4870878,0.290196078,0.282352941,0.262745098
I119,Car accident 4,Object,Pixabay,0.170916819,0.562937063,0.4425973,0.290196078,0.278431373,0.262745098
I120,Car crash 1,Scene,Wikipedia,0.138433516,0.71007371,0.4687269,0.239215686,0.247058824,0.223529412
I121,Car crash 2,Scene,Wikipedia,0.163916392,0.625486033,0.2668753,0.094117647,0.105882353,0.121568627
I122,Car crash 3,Scene,Wikipedia,0.171220401,0.737100737,0.4418268,0.164705882,0.223529412,0.239215686
I123,Car race 1,Scene,Wikipedia,0.6095932,0.376819127,0.4277707,0.411764706,0.4,0.341176471
I124,Car race 2,Scene,Wikipedia,0.605403163,0.471291238,0.5046142,0.494117647,0.466666667,0.4
I125,Car race 3,Scene,Wikipedia,0.610921748,0.495384175,0.4082022,0.376470588,0.376470588,0.341176471
I126,Car race 4,Scene,Wikipedia,0.564663024,0.442260442,0.5364339,0.588235294,0.588235294,0.619607843
I127,Cardboard 1,Object,Pixabay,0.540781218,0.071394821,0.5869847,0.71372549,0.639215686,0.580392157
I128,Cardboard 2,Object,Pixabay,0.539060919,0.092869968,0.5797303,0.596078431,0.529411765,0.482352941
I129,Cardboard 3,Object,Pixabay,0.489981785,0.041769042,0.4098139,0.443137255,0.376470588,0.262745098
I130,Cat 1,Animal,Pixabay,0.801457195,0.533169533,0.2184657,0.752941176,0.756862745,0.756862745
I131,Cat 2,Animal,Pixabay,0.81510938,0.567662985,0.5953957,0.725490196,0.705882353,0.658823529
I132,Cat 3,Animal,Pixabay,0.908925319,0.627362502,0.3565219,0.48627451,0.388235294,0.337254902
I133,Cat 4,Animal,Pixabay,0.879781421,0.457002457,0.5416502,0.615686275,0.501960784,0.301960784
I134,Cat 5,Animal,Pixabay,0.948998179,0.786240786,0.5257539,0.717647059,0.678431373,0.62745098
I135,Cat 6,Animal,Pixabay,0.670309654,0.57985258,0.2378833,0.188235294,0.058823529,0.039215686
I136,Cat 7,Animal,Wikipedia,0.411657559,0.673218673,0.1723757,0.133333333,0.11372549,0.078431373
I137,Cat 8,Animal,Flickr/Markus Schoepke,0.679417122,0.481572482,0.6736359,0.733333333,0.733333333,0.733333333
I138,Cat 9,Animal,Pixabay,0.785063752,0.47465035,0.5570598,0.82745098,0.635294118,0.443137255
I139,Cat 10,Animal,Pixabay,0.806921676,0.42997543,0.4596423,0.419607843,0.337254902,0.415686275
I140,Cat 11,Animal,Pixabay,0.791195513,0.473700532,0.3758948,0.262745098,0.247058824,0.22745098
I141,Cat 12,Animal,Wikipedia,0.75753896,0.41976942,0.4931776,0.301960784,0.325490196,0.223529412
I142,Cat 13,Animal,Flickr/Marjolein Knuit,0.807751267,0.502612056,0.3509534,0.952941176,0.917647059,0.784313725
I143,Cat 14,Animal,Skeezix Scratching Post,0.85428051,0.574938575,0.3518437,0.133333333,0.074509804,0.043137255
I144,Celebration 1,Person,Pixabay,0.783242259,0.523341523,0.621039,0.109803922,0.137254902,0.219607843
I145,Celebration 2,Scene,Pixabay,0.703096539,0.611793612,0.260354,0.137254902,0.094117647,0.074509804
I146,Cemetery 1,Scene,Pixabay,0.557377049,0.444717445,0.03583893,0.023529412,0.031372549,0.039215686
I147,Cemetery 2,Scene,Pixabay,0.535501091,0.625486033,0.1543466,0.098039216,0.109803922,0.145098039
I148,Cemetery 3,Scene,Pixabay,0.341226472,0.481808732,0.5967407,0.239215686,0.298039216,0.101960784
I149,Cemetery 4,Scene,Pixabay,0.313296904,0.656019656,0.4592085,0.294117647,0.380392157,0.188235294
I150,Cemetery 5,Scene,Pixabay,0.260473588,0.746928747,0.4749984,0.235294118,0.231372549,0.219607843
I151,Cheerleader 1,Person,Pixabay,0.777777778,0.641277641,0.3494903,0.211764706,0.219607843,0.243137255
I152,Cheerleader 2,Person,Pixabay,0.759923533,0.60380239,0.2970442,0.17254902,0.105882353,0.11372549
I153,Child labor 1,Person,Pixabay,0.585509006,0.393522019,0.3314388,0.22745098,0.184313725,0.109803922
I154,Child labor 2,Person,Pixabay,0.318436762,0.485747,0.4212668,0.364705882,0.298039216,0.176470588
I155,Child labor 3,Person,Pixabay,0.553734062,0.44963145,0.3230345,0.294117647,0.231372549,0.141176471
I156,Child labor 4,Person,Pixabay,0.540781218,0.333868834,0.2882363,0.2,0.176470588,0.117647059
I157,Children 1,Person,Flickr/Stefano Corso,0.857418529,0.454426183,0.4491061,0.588235294,0.568627451,0.549019608
I158,Chipmunk 1,Animal,Pixabay,0.799635701,0.393120393,0.4204157,0.407843137,0.384313725,0.180392157
I159,Chipmunk 2,Animal,Flickr/Gilles Gonthier,0.859744991,0.62955774,0.3547355,0.141176471,0.152941176,0.070588235
I160,Chipmunk 3,Animal,Pixabay,0.821493625,0.503685504,0.5864289,0.788235294,0.545098039,0.325490196
I161,City 1,Scene,Pixabay,0.618279861,0.358054436,0.3319676,0.2,0.141176471,0.101960784
I162,Clean 1,Object,Pixabay,0.731734467,0.166839917,0.8957431,0.929411765,0.91372549,0.917647059
I163,Cliff diver 1,Person,Wikipedia,0.692167577,0.783783784,0.5485078,0.443137255,0.552941176,0.643137255
I164,Cliff diver 2,Person,Wikipedia,0.743367779,0.594165216,0.5249825,0.384313725,0.537254902,0.568627451
I165,Cliff diver 3,Person,Wikipedia,0.745496863,0.758599509,0.4960766,0.831372549,0.905882353,0.933333333
I166,Cockroach 1,Animal,Pixabay,0.176684882,0.658476659,0.464368,0.560784314,0.431372549,0.415686275
I167,Cockroach 2,Animal,Pixabay,0.214936248,0.5995086,0.42904,0.509803922,0.521568627,0.509803922
I168,Cockroach 3,Animal,Pixabay,0.249544627,0.557739558,0.3609326,0.705882353,0.474509804,0.321568627
I169,Cockroach 4,Animal,Pixabay,0.218579235,0.557739558,0.9227565,0.223529412,0.152941176,0.117647059
I170,Coffee 1,Object,Pixabay,0.825136612,0.523341523,0.4800186,0.611764706,0.352941176,0.188235294
I171,Cold 1,Object,Pixabay,0.535501091,0.442379714,0.7344301,0.729411765,0.796078431,0.870588235
I172,Cold 2,Object,Pixabay,0.673465707,0.22313399,0.8320565,0.905882353,0.91372549,0.921568627
I173,Cold 3,Object,Pixabay,0.701275046,0.275184275,0.7816086,0.796078431,0.8,0.788235294
I174,Cold 4,Object,Pixabay,0.735883424,0.314496315,0.4887635,0.388235294,0.521568627,0.6
I175,Cold 5,Scene,Pixabay,0.814308844,0.374432999,0.471494,0.28627451,0.474509804,0.592156863
I176,Cold 6,Person,Pixabay,0.715846995,0.643734644,0.8625402,0.862745098,0.878431373,0.901960784
I177,Cold 7,Person,Pixabay,0.777777778,0.42014742,0.7590874,0.733333333,0.752941176,0.807843137
I178,Cold 8,Object,Pixabay,0.820627965,0.444789008,0.5507955,0.784313725,0.803921569,0.850980392
I179,Collaboration 1,Person,Pixabay,0.803278689,0.41031941,0.4119612,0.901960784,0.694117647,0.556862745
I180,Cotton swabs 1,Object,Pixabay,0.555555556,0.122850123,0.5450789,0.541176471,0.556862745,0.584313725
I181,Cotton swabs 2,Object,Pixabay,0.548269581,0.041769042,0.5197262,0.596078431,0.596078431,0.611764706
I182,Cotton swabs 3,Object,Pixabay,0.561020036,0.029484029,0.5981176,0.596078431,0.568627451,0.541176471
I183,Couple 1,Person,Pixabay,0.823315118,0.562653563,0.6614427,0.878431373,0.831372549,0.690196078
I184,Couple 2,Person,Pixabay,0.839708561,0.515970516,0.7971216,0.921568627,0.82745098,0.71372549
I185,Couple 3,Person,Pixabay,0.539060919,0.434086184,0.7032157,0.752941176,0.752941176,0.674509804
I186,Couple 4,Person,Pixabay,0.903460838,0.705159705,0.5758966,0.615686275,0.521568627,0.42745098
I187,Couple 5,Animal,Pixabay,0.72141267,0.441244566,0.4725165,0.458823529,0.439215686,0.419607843
I188,Couple 6,Person,Pixabay,0.836065574,0.606879607,0.3399515,0.266666667,0.22745098,0.141176471
I189,Couple 7,Person,Pixabay,0.893442623,0.634520885,0.36736,0.82745098,0.839215686,0.803921569
I190,Couple 8,Person,Pixabay,0.864197531,0.613045738,0.3144366,0.282352941,0.152941176,0.062745098
I191,Couple 9,Person,Pixabay,0.874519328,0.434086184,0.8010954,0.917647059,0.831372549,0.71372549
I192,Crosswalk 1 ,Scene,StockOGraphy,0.530459421,0.15490928,0.5394479,0.505882353,0.490196078,0.478431373
I193,Crow 1,Animal,Pixabay,0.66848816,0.275184275,0.5337939,0.141176471,0.137254902,0.137254902
I194,Crow 2,Animal,Pixabay,0.613033799,0.240809866,0.5440091,0.333333333,0.631372549,0.921568627
I195,Cups 1,Object,Pixabay,0.588847409,0.083394957,0.7271238,0.247058824,0.156862745,0.160784314
I196,Cups 2,Object,Pixabay,0.564933543,0.097850719,0.5548239,0.670588235,0.670588235,0.670588235
I197,Cups 3,Object,Pixabay,0.672131148,0.14004914,0.4289775,0.266666667,0.384313725,0.2
I198,Cups 4,Object,Pixabay,0.563145112,0.126275751,0.3310113,0.152941176,0.156862745,0.168627451
I199,Dancing 1,Person,Pixabay,0.779599271,0.432432432,0.3486781,0.2,0.317647059,0.403921569
I200,Dancing 2,Person,Pixabay,0.763205829,0.444717445,0.01843737,0.019607843,0.02745098,0.070588235
I201,Dancing 3,Person,Pixabay,0.701275046,0.535626536,0.4529164,0.450980392,0.396078431,0.333333333
I202,Dancing 4,Person,Pixabay,0.823315118,0.486486487,0.2171815,0.745098039,0.454901961,0.439215686
I203,Dancing 5,Person,Pixabay,0.852459016,0.459459459,0.4028916,0.290196078,0.223529412,0.203921569
I204,Dancing 6,Person,Pixabay,0.872799029,0.496125496,0.5123513,0.325490196,0.341176471,0.180392157
I205,Dancing 7,Person,Pixabay,0.884841125,0.417383292,0.4548377,0.31372549,0.333333333,0.243137255
I206,Dancing 8,Person,Pixabay,0.781420765,0.425061425,0.4634959,0.305882353,0.270588235,0.258823529
I207,Dancing 9,Person,Pixabay,0.831665134,0.53152358,0.4845416,0.77254902,0.674509804,0.407843137
I208,Dead bodies 1,Person,Wikipedia,0.016754134,0.700174137,0.4577482,0.294117647,0.270588235,0.258823529
I209,Dead bodies 2,Person,Wikipedia,0.025951776,0.690536962,0.4606449,0.423529412,0.423529412,0.423529412
I210,Dead bodies 3,Person,Wikipedia,0.04007286,0.852579853,0.457975,0.454901961,0.454901961,0.454901961
I211,Depressed face 1,Person,Pixabay,0.493624772,0.341523342,0.21495,0.133333333,0.133333333,0.133333333
I212,Depressed face 2,Person,Pixabay,0.504654928,0.329096579,0.417864,0.439215686,0.380392157,0.258823529
I213,Depressed pose 1,Person,Wikipedia,0.294778385,0.436472311,0.5031469,0.235294118,0.235294118,0.235294118
I214,Depressed pose 2,Person,Pixabay,0.441685152,0.384556666,0.5355571,0.811764706,0.82745098,0.862745098
I215,Depressed pose 3,Person,Wikipedia,0.287795993,0.574938575,0.397257,0.117647059,0.117647059,0.117647059
I216,Depressed pose 4,Person,Wikipedia,0.398907104,0.395577396,0.3210625,0.156862745,0.137254902,0.121568627
I217,Desert 1,Scene,Pixabay,0.537340619,0.391135891,0.5438327,0.584313725,0.619607843,0.639215686
I218,Dessert 1,Object,Pixabay,0.785063752,0.425061425,0.3103422,0.596078431,0.592156863,0.603921569
I219,Dessert 2,Object,Pixabay,0.859744991,0.385749386,0.4706249,0.435294118,0.423529412,0.380392157
I220,Dessert 3,Object,Pixabay,0.840862775,0.62307674,0.7265215,0.905882353,0.807843137,0.611764706
I221,Dessert 4,Object,Pixabay,0.79538555,0.352957853,0.3714323,0.262745098,0.133333333,0.058823529
I222,Dessert 5,Object,Pixabay,0.822467493,0.538751461,0.3449384,0.168627451,0.164705882,0.156862745
I223,Dessert 6,Object,Pixabay,0.832422587,0.535626536,0.9995744,0.917647059,0.909803922,0.917647059
I224,Dessert 7,Object,Pixabay,0.807427646,0.357730108,0.3846301,0.545098039,0.309803922,0.098039216
I225,Dessert 8,Person,Pixabay,0.86591783,0.414997165,0.4085996,0.450980392,0.309803922,0.266666667
I226,Destruction 1,Scene,Pixabay,0.384335155,0.651105651,0.3509118,0.396078431,0.305882353,0.223529412
I227,Destruction 4,Scene,Pixabay,0.136510828,0.555778681,0.4139118,0.211764706,0.164705882,0.145098039
I228,Destruction 5,Scene,Pixabay,0.193348843,0.524295699,0.4091207,0.250980392,0.219607843,0.184313725
I229,Destruction 6,Scene,Pixabay,0.167595448,0.596574509,0.5108311,0.631372549,0.545098039,0.490196078
I230,Destruction 7,Scene,Pixabay,0.167595448,0.536342167,0.5780501,0.568627451,0.509803922,0.474509804
I231,Destruction 8,Scene,Pixabay,0.209471767,0.628992629,0.4927617,0.682352941,0.552941176,0.474509804
I232,Destruction 9,Scene,Pixabay,0.454766242,0.19663176,0.4425223,0.466666667,0.415686275,0.384313725
I233,Destruction 10,Scene,Pixabay,0.184151202,0.471291238,0.5269564,0.603921569,0.764705882,0.878431373
I234,Dirt 1,Scene,Pixabay,0.092896175,0.815724816,0.4952979,0.658823529,0.6,0.592156863
I235,Destruction 2,Scene,Pixabay,0.200364299,0.339066339,0.5016668,0.623529412,0.635294118,0.631372549
I236,Destruction 3,Scene,Pixabay,0.146832625,0.472264222,0.5011868,0.717647059,0.564705882,0.494117647
I237,Dirt 2,Scene,Pixabay,0.83424408,0.41031941,0.4943469,0.305882353,0.250980392,0.207843137
I238,Dirt 3,Scene,Pixabay,0.563094014,0.085804251,0.3724774,0.219607843,0.152941176,0.105882353
I239,Dirt 4,Scene,Pixabay,0.537340619,0.054054054,0.4213935,0.57254902,0.380392157,0.258823529
I240,Dirt 5,Scene,Pixabay,0.452722321,0.073757782,0.3931181,0.490196078,0.4,0.333333333
I241,Dock 1,Scene,Pixabay,0.827986077,0.483337707,0.3537704,0.254901961,0.2,0.192156863
I242,Doctor 1,Person,Pixabay,0.661202186,0.361179361,0.4797471,0.678431373,0.666666667,0.615686275
I243,Doctor 2,Person,Pixabay,0.547662417,0.486580987,0.3065051,0.168627451,0.17254902,0.168627451
I244,Doctor 3,Person,Pixabay,0.602712002,0.369660745,0.8643581,0.882352941,0.88627451,0.88627451
I245,Doctor 4,Person,Pixabay,0.502389583,0.543570048,0.5125644,0.207843137,0.274509804,0.317647059
I246,Doctor 5,Person,Pixabay,0.478475716,0.483337707,0.4759813,0.37254902,0.505882353,0.68627451
I247,Doctor 6,Person,Pixabay,0.608378871,0.213759214,0.225069,0.023529412,0.019607843,0.019607843
I248,Doctor 7,Person,Pixabay,0.415300547,0.675675676,0.4742535,0.305882353,0.376470588,0.396078431
I249,Doctor 8,Person,Pixabay,0.487673358,0.553207223,0.2086337,0.164705882,0.17254902,0.160784314
I250,Doctor 9,Person,Pixabay,0.47723133,0.5995086,0.5494629,0.51372549,0.57254902,0.650980392
I251,Dog 1,Animal,Pixabay,0.748886364,0.651988264,0.8487762,0.82745098,0.858823529,0.898039216
I252,Dog 2,Animal,Pixabay,0.890530037,0.671262613,0.3852125,0.329411765,0.403921569,0.278431373
I253,Dog 3,Animal,Pixabay,0.861566485,0.454545455,0.5961608,0.509803922,0.541176471,0.541176471
I254,Dog 4,Animal,Pixabay,0.946771909,0.562844398,0.5130518,0.717647059,0.678431373,0.658823529
I255,Dog 5,Animal,Pixabay,0.89788815,0.738722836,0.5685238,0.756862745,0.717647059,0.662745098
I256,Dog 6,Animal,Pixabay,1,0.828009828,0.4444059,0.262745098,0.321568627,0.184313725
I257,Dog 7,Animal,Pixabay,0.845173042,0.565110565,0.7499175,0.823529412,0.823529412,0.823529412
I258,Dog 8,Animal,Pixabay,0.803278689,0.668304668,0.617067,0.956862745,0.890196078,0.8
I259,Dog 9,Animal,Public Domain Photos,0.561020036,0.587223587,0.4830389,0.301960784,0.360784314,0.294117647
I260,Dog 10,Animal,Pixabay,0.843351548,0.542997543,0.4136656,0.784313725,0.254901961,0.239215686
I261,Dog 11,Animal,Pixabay,0.845274236,0.481808732,0.5370878,0.607843137,0.525490196,0.301960784
I262,Dog 12,Animal,Wikipedia,0.962271637,0.673671907,0.4209306,0.266666667,0.298039216,0.109803922
I263,Dog 13,Animal,Flickr/Waldo Jaquith,0.881602914,0.587223587,0.5680103,0.478431373,0.584313725,0.352941176
I264,Dog 14,Animal,Flickr/hairygrumpy,0.888690508,0.620667446,0.4860875,0.396078431,0.454901961,0.31372549
I265,Dog 15,Animal,Wikipedia,0.431693989,0.555282555,0.5366982,0.768627451,0.62745098,0.443137255
I266,Dog 16,Animal,Pixabay,0.795992714,0.773955774,0.3738647,0.203921569,0.196078431,0.137254902
I267,Dog 17,Animal,Pixabay,0.765442118,0.533932874,0.5554252,0.631372549,0.549019608,0.552941176
I268,Dog 18,Animal,Pixabay,0.945355191,0.791154791,0.2583099,0.207843137,0.192156863,0.160784314
I269,Dog 19,Animal,Pixabay,0.89788815,0.659216145,0.5907305,0.690196078,0.603921569,0.505882353
I270,Dog 20,Animal,Pixabay,0.890530037,0.620667446,0.3472868,0.164705882,0.184313725,0.188235294
I271,Dog 21,Animal,Pixabay,0.907103825,0.584766585,0.4581321,0.447058824,0.360784314,0.294117647
I272,Dog 22,Animal,Pixabay,0.741347905,0.542997543,0.4832811,0.290196078,0.396078431,0.164705882
I273,Dog 23,Animal,Flickr/Daniel Pascoal,0.29143898,0.776412776,0.4280289,0.164705882,0.223529412,0.152941176
I274,Dog 24,Animal,Wikipedia,0.14571949,0.764127764,0.6685819,0.611764706,0.560784314,0.564705882
I275,Dog 25,Animal,Flickr/InkHong,0.435842947,0.586798337,0.5514234,0.57254902,0.611764706,0.6
I276,Dog 26,Animal,Flickr/virtualcorey,0.035013155,0.78484691,0.5620865,0.419607843,0.474509804,0.231372549
I277,Dog 27,Animal,Wikipedia,0.7838374,0.627895327,0.6685273,0.752941176,0.737254902,0.733333333
I278,Dog 28,Animal,Flickr/wplynn,0.833232139,0.462719713,0.6045434,0.862745098,0.815686275,0.764705882
I279,Dog 29,Animal,Pixabay,0.790528233,0.572481573,0.5087177,0.419607843,0.380392157,0.352941176
I280,Dog 30,Animal,All-free-download.com,0.64571949,0.46510584,0.4523848,0.77254902,0.619607843,0.384313725
I281,Dog 31,Animal,Wikipedia,0.181238616,0.622590248,0.5654213,0.717647059,0.6,0.525490196
I282,Dog attack 1,Animal,Wikipedia,0.324023477,0.718035343,0.5079788,0.666666667,0.568627451,0.4
I283,Dog attack 2,Animal,Wikipedia,0.430647983,0.690536962,0.5698823,0.733333333,0.796078431,0.854901961
I284,Dog attack 3,Animal,Wikipedia,0.285974499,0.842751843,0.4437019,0.439215686,0.423529412,0.254901961
I285,Drink 1,Object,Pixabay,0.641165756,0.253071253,0.3722366,0.22745098,0.219607843,0.239215686
I286,Drink 2,Object,Pixabay,0.604735883,0.292383292,0.06786801,0.768627451,0.556862745,0.309803922
I287,Dummy 1,Object,Flickr/Christopher Michel,0.009208662,0.870747496,0.5606989,0.729411765,0.592156863,0.549019608
I288,Eating 1,Person,Wikipedia,0.850060416,0.442379714,0.4272453,0.57254902,0.403921569,0.258823529
I289,Eating 2,Person,Publicdomainpictures.net,0.785063752,0.383292383,0.8389771,0.921568627,0.780392157,0.698039216
I290,Eating 3,Person,Wikipedia,0.750657762,0.231265356,0.4907983,0.898039216,0.792156863,0.607843137
I291,Elephant 1,Animal,Pixabay,0.883424408,0.668304668,0.4439971,0.874509804,0.71372549,0.580392157
I292,Excited face 1,Person,Flickr/Aaron Shumaker,0.829825606,0.53152358,0.3480456,0.176470588,0.176470588,0.176470588
I293,Excited face 2,Person,Flickr/Shreyans Bhansali,0.876138434,0.58968059,0.3386613,0.149019608,0.149019608,0.149019608
I294,Excited face 3,Person,Pixabay,0.864197531,0.441244566,0.5649628,0.737254902,0.709803922,0.705882353
I295,Excited face 4,Person,Wikipedia,0.583328825,0.346007967,0.368891,0.756862745,0.607843137,0.509803922
I296,Excited face 5,Person,Pixabay,0.844541831,0.500202762,0.5078881,0.474509804,0.392156863,0.341176471
I297,Excited face 6,Person,Pixabay,0.859036632,0.443630694,0.6567599,0.756862745,0.756862745,0.756862745
I298,Excited face 7,Person,Pixabay,0.677144764,0.444789008,0.2951861,0.811764706,0.752941176,0.725490196
I299,Exercise 1,Person,Pixabay,0.66848816,0.481572482,0.558452,0.533333333,0.521568627,0.396078431
I300,Exercise 2,Person,Pixabay,0.664642785,0.548620299,0.4457558,0.254901961,0.254901961,0.266666667
I301,Exercise 3,Person,Pixabay,0.692167577,0.646191646,0.4785989,0.866666667,0.811764706,0.815686275
I302,Explosion 1,Scene,Pixabay,0.285974499,0.857493858,0.5045871,0.788235294,0.466666667,0.207843137
I303,Explosion 2,Scene,Pixabay,0.235657992,0.818229527,0.2683131,0.905882353,0.552941176,0.098039216
I304,Explosion 3,Scene,Pixabay,0.286176887,0.801549802,0.4884624,0.560784314,0.576470588,0.596078431
I305,Explosion 4,Scene,Pixabay,0.258652095,0.648837649,0.5193802,0.807843137,0.250980392,0.070588235
I306,Explosion 5,Scene,Pixabay,0.132969035,0.933660934,0.5670407,0.537254902,0.537254902,0.537254902
I307,Explosion 6,Scene,Pixabay,0.213583654,0.774862241,0.6555061,0.905882353,0.584313725,0.274509804
I308,Father 1,Person,Pixabay,0.914443903,0.671262613,0.4353271,0.717647059,0.619607843,0.556862745
I309,Feces 1,Object,Wikipedia,0.191256831,0.341523342,0.4741815,0.435294118,0.388235294,0.345098039
I310,Feces 2,Object,Wikipedia,0.167577414,0.454545455,0.5446615,0.541176471,0.564705882,0.345098039
I311,Fence 1,Object,Pixabay,0.487673358,0.114715775,0.6247005,0.925490196,0.698039216,0.062745098
I312,Fence 2,Object,Pixabay,0.57781024,0.15085518,0.3442809,0.129411765,0.145098039,0.196078431
I313,Fence 3,Object,Pixabay,0.510018215,0.199017199,0.1768869,0.133333333,0.121568627,0.145098039
I314,Fence 4,Object,Pixabay,0.329690346,0.363636364,0.7357653,0.819607843,0.807843137,0.8
I315,Fence 5,Object,Pixabay,0.495446266,0.093366093,0.6613864,0.454901961,0.635294118,0.819607843
I316,Fence 6,Object,Pixabay,0.595628415,0.201474201,0.2820939,0.235294118,0.207843137,0.121568627
I317,Ferret 1,Animal,Pixabay,0.315118397,0.692874693,0.4291406,0.478431373,0.431372549,0.403921569
I318,Fire 1,Person,Pixabay,0.613033799,0.660768286,0.1214417,0.960784314,0.678431373,0.101960784
I319,Fire 2,Scene,Pixabay,0.158874722,0.741896617,0.5567263,0.517647059,0.525490196,0.588235294
I320,Fire 3,Scene,Pixabay,0.176077717,0.701332451,0.2739251,0.847058824,0.509803922,0.231372549
I321,Fire 4,Scene,Pixabay,0.597449909,0.624078624,0.3325638,0.078431373,0.047058824,0.039215686
I322,Fire 5,Scene,Pixabay,0.116575592,0.891891892,0.1694233,0.894117647,0.388235294,0.031372549
I323,Fire 6,Scene,Pixabay,0.208065069,0.702583431,0.3547496,0.22745098,0.317647059,0.501960784
I324,Fire 7,Scene,Pixabay,0.117928186,0.72185778,0.3394035,0.125490196,0.015686275,0.019607843
I325,Fire 8,Scene,Pixabay,0.574131184,0.743541423,0.220329,0.807843137,0.498039216,0.074509804
I326,Fire 9,Scene,Pixabay,0.067395264,0.857493858,0.4406134,0.278431373,0.250980392,0.149019608
I327,Fire 10,Scene,Pixabay,0.253187614,0.737100737,0.2890781,0.203921569,0.047058824,0.015686275
I328,Fire 11,Scene,Pixabay,0.120218579,0.899262899,0.3112974,0.219607843,0.094117647,0.058823529
I329,Fire hydrant 1,Object,Pixabay,0.573770492,0.157248157,0.4872569,0.525490196,0.435294118,0.396078431
I330,Fire hydrant 2,Object,Pixabay,0.578627808,0.071394821,0.5446367,0.596078431,0.501960784,0.439215686
I331,Fire hydrant 3,Object,Pixabay,0.58287796,0.162162162,0.5121772,0.474509804,0.51372549,0.454901961
I332,Fire hydrant 4,Object,Pixabay,0.618194697,0.150137025,0.7265353,0.839215686,0.815686275,0.784313725
I333,Fireman 1,Person,Pixabay,0.369763206,0.786240786,0.434875,0.407843137,0.407843137,0.403921569
I334,Fireworks 1,Scene,Pixabay,0.938170411,0.677471178,0.2565031,0.117647059,0.141176471,0.101960784
I335,Fireworks 2,Scene,Pixabay,0.95992714,0.815724816,0.265545,0.145098039,0.074509804,0.066666667
I336,Fireworks 3,Scene,Wikipedia,0.925318761,0.72972973,0.2943099,0.917647059,0.615686275,0.525490196
I337,Fireworks 4,Scene,Wikipedia,0.900323821,0.651223776,0.1481796,0.070588235,0.058823529,0.043137255
I338,Fireworks 5,Scene,Wikipedia,0.872495446,0.624078624,0.2202857,0.850980392,0.666666667,0.352941176
I339,Fireworks 6,Scene,Wikipedia,0.928961749,0.766584767,0.1423225,0.109803922,0.050980392,0.043137255
I340,Fireworks 7,Scene,Wikipedia,0.862937113,0.683309081,0.2196678,0.211764706,0.062745098,0.050980392
I341,Flood 1,Scene,Pixabay,0.233151184,0.604422604,0.6026692,0.709803922,0.725490196,0.71372549
I342,Flood 2,Scene,Pixabay,0.231978936,0.536342167,0.519592,0.341176471,0.356862745,0.28627451
I343,Flood 3,Scene,Pixabay,0.220400729,0.643734644,0.4774201,0.42745098,0.447058824,0.364705882
I344,Flowers 1,Object,Pixabay,0.864776642,0.492974881,0.3909383,0.541176471,0.184313725,0.156862745
I345,Flowers 2,Object,Pixabay,0.899817851,0.437346437,0.6488882,0.77254902,0.258823529,0.203921569
I346,Flowers 3,Object,Pixabay,0.870295226,0.500202762,0.4636724,0.839215686,0.564705882,0.596078431
I347,Flowers 4,Object,Pixabay,0.853739472,0.502612056,0.4874778,0.847058824,0.396078431,0.752941176
I348,Flowers 5,Object,Pixabay,0.840862775,0.444789008,0.1939129,0.156862745,0.050980392,0.047058824
I349,Flowers 6,Object,Pixabay,0.898603522,0.326710452,0.4413649,0.258823529,0.290196078,0.223529412
I350,Flowers 7,Object,Pixabay,0.850060416,0.447198302,0.3704718,0.843137255,0.258823529,0.094117647
I351,Flowers 8,Object,Pixabay,0.892531876,0.498771499,0.5216128,0.690196078,0.694117647,0.678431373
I352,Flowers 9,Object,Pixabay,0.888690508,0.591755922,0.3877636,0.254901961,0.239215686,0.243137255
I353,Flowers 10,Object,Pixabay,0.771301356,0.36488849,0.5592007,0.8,0.541176471,0.596078431
I354,Food 1,Object,Pixabay,0.693989071,0.361179361,0.4175969,0.537254902,0.364705882,0.152941176
I355,Food 2,Object,Pixabay,0.786784052,0.314779815,0.420668,0.580392157,0.435294118,0.215686275
I356,Food 3,Object,Pixabay,0.779599271,0.285012285,0.531227,0.850980392,0.494117647,0.062745098
I357,Food 4,Object,Pixabay,0.836672738,0.429313929,0.4199205,0.498039216,0.325490196,0.164705882
I358,Food 5,Object,Pixabay,0.810564663,0.361179361,0.5946036,0.780392157,0.22745098,0.345098039
I359,Food 6,Object,Pixabay,0.845173042,0.491400491,0.3771686,0.721568627,0.329411765,0.180392157
I360,Football player 1,Person,Pixabay,0.680125481,0.467491968,0.4483716,0.443137255,0.431372549,0.321568627
I361,Frisbee 1,Person,Pixabay,0.832422587,0.378378378,0.5999382,0.490196078,0.537254902,0.317647059
I362,Frustrated pose 1,Person,Wikipedia,0.23132969,0.633906634,0.4982521,0.690196078,0.619607843,0.533333333
I363,Frustrated pose 2,Person,Pixabay,0.284153006,0.444717445,0.4602409,0.203921569,0.203921569,0.203921569
I364,Frustrated pose 3,Person,Pixabay,0.231127302,0.462719713,0.4121654,0.701960784,0.62745098,0.580392157
I365,Frustrated pose 4,Person,Wikipedia,0.429872496,0.393120393,0.3718986,0.42745098,0.42745098,0.42745098
I366,Frustrated pose 5,Person,Wikipedia,0.25136612,0.508599509,0.3975464,0.560784314,0.560784314,0.560784314
I367,Frustrated pose 6,Person,Flickr/Emergency Brake,0.664268066,0.582118747,0.6033584,0.909803922,0.815686275,0.756862745
I368,Frustrated pose 7,Person,Wikipedia,0.295081967,0.386363636,0.3341892,0.098039216,0.098039216,0.098039216
I369,Frustrated pose 8,Person,Pixabay,0.489172232,0.414997165,0.5889903,0.792156863,0.71372549,0.670588235
I370,Funeral 1,Scene,Pixabay,0.336976321,0.631449631,0.4305649,0.231372549,0.282352941,0.145098039
I371,Galaxy 1,Scene,Pixabay,0.83424408,0.594594595,0.1982712,0.141176471,0.133333333,0.141176471
I372,Galaxy 2,Scene,Pixabay,0.86661617,0.680899788,0.1511905,0.047058824,0.043137255,0.125490196
I373,Galaxy 3,Scene,Pixabay,0.806921676,0.574938575,0.235083,0.11372549,0.098039216,0.08627451
I374,Galaxy 4,Scene,Pixabay,0.803278689,0.685503686,0.06774978,0.043137255,0.058823529,0.121568627
I375,Galaxy 5,Scene,Pixabay,0.837183718,0.6760812,0.1346689,0.050980392,0.125490196,0.188235294
I376,Galaxy 6,Scene,Pixabay,0.786885246,0.614250614,0.2086546,0.121568627,0.152941176,0.2
I377,Galaxy 7,Scene,Pixabay,0.920967416,0.696560197,0.1637329,0.152941176,0.058823529,0.094117647
I378,Galaxy 8,Scene,Pixabay,0.819672131,0.714987715,0.2268216,0.17254902,0.207843137,0.207843137
I379,Garbage dump 1,Scene,Pixabay,0.202185792,0.28992629,0.5107818,0.839215686,0.874509804,0.909803922
I380,Garbage dump 2,Scene,Pixabay,0.09178304,0.517600643,0.4133984,0.337254902,0.368627451,0.380392157
I381,Garbage dump 3,Scene,Pixabay,0.16575592,0.43980344,0.5257031,0.494117647,0.415686275,0.392156863
I382,Garbage dump 4,Scene,Pixabay,0.098664238,0.51998677,0.3620169,0.329411765,0.203921569,0.17254902
I383,Garbage dump 5,Scene,Pixabay,0.191256831,0.405405405,0.5206407,0.541176471,0.51372549,0.37254902
I384,Garbage dump 6,Scene,Pixabay,0.158874722,0.403066528,0.4711301,0.301960784,0.278431373,0.270588235
I385,Garbage dump 7,Scene,Pixabay,0.302367942,0.194103194,0.5065167,0.419607843,0.403921569,0.337254902
I386,Garbage dump 8,Scene,Pixabay,0.176684882,0.361179361,0.5155751,0.549019608,0.549019608,0.541176471
I387,Gargoyle 1,Object,Wikipedia,0.519125683,0.508599509,0.5299572,0.670588235,0.650980392,0.611764706
I388,Gargoyle 2,Object,Wikipedia,0.401436956,0.512828388,0.5664338,0.537254902,0.525490196,0.505882353
I389,Gazing 1,Person,Pixabay,0.697632058,0.346437346,0.1694918,0.129411765,0.133333333,0.203921569
I390,Gazing 2,Person,Pixabay,0.743169399,0.417690418,0.3753943,0.843137255,0.796078431,0.733333333
I391,Gazing 3,Person,Flickr/Joshua Blount,0.802266748,0.401421722,0.5209994,0.576470588,0.545098039,0.525490196
I392,Gazing 4,Person,Pixabay,0.628415301,0.326781327,0.6279849,0.580392157,0.643137255,0.654901961
I393,Gazing 5,Person,Pixabay,0.805707347,0.400680401,0.2820196,0.207843137,0.188235294,0.203921569
I394,Gazing 6,Person,Pixabay,0.879781421,0.444717445,0.5292169,0.674509804,0.576470588,0.501960784
I395,Gazing 7,Person,Wikipedia,0.719489982,0.464373464,0.5971164,0.760784314,0.733333333,0.690196078
I396,Goat 1,Animal,Flickr/Neil Piddock,0.785063752,0.400680401,0.4946077,0.741176471,0.709803922,0.674509804
I397,Goat 2,Animal,Pixabay,0.760979559,0.333868834,0.4448682,0.231372549,0.250980392,0.125490196
I398,Gorrila 1,Animal,Flickr/Antony Stanley,0.520137624,0.457947458,0.4749086,0.411764706,0.466666667,0.356862745
I399,Grass 1,Scene,Pixabay,0.716251771,0.133434133,0.4669262,0.278431373,0.564705882,0.11372549
I400,Grass 2,Scene,Pixabay,0.712204007,0.181818182,0.3396474,0.141176471,0.211764706,0.098039216
I401,Grass 3,Scene,Pixabay,0.724954463,0.103194103,0.3531438,0.105882353,0.466666667,0.062745098
I402,Grass 4,Scene,Pixabay,0.765027322,0.103194103,0.4760164,0.333333333,0.6,0.090196078
I403,Grass 5,Scene,Pixabay,0.712204007,0.181818182,0.6488181,0.525490196,0.733333333,0.215686275
I404,Grass 6,Scene,Pixabay,0.752565421,0.288184919,0.5813545,0.376470588,0.482352941,0.058823529
I405,Grass 7,Scene,Pixabay,0.703096539,0.15970516,0.5058459,0.454901961,0.6,0.176470588
I406,Graveyard 1,Scene,Wikipedia,0.389394859,0.438858439,0.2731073,0.17254902,0.188235294,0.188235294
I407,Graveyard 2,Scene,Wikipedia,0.40305506,0.466472651,0.395989,0.2,0.22745098,0.141176471
I408,Graveyard 3,Scene,Wikipedia,0.459016394,0.476658477,0.3129632,0.450980392,0.584313725,0.717647059
I409,Graveyard 4,Scene,Wikipedia,0.391115159,0.479422604,0.4372028,0.203921569,0.239215686,0.129411765
I410,Guitar 1,Person,Pixabay,0.821190043,0.388749764,0.417851,0.254901961,0.219607843,0.176470588
I411,Gun 1,Object,Pixabay,0.301881008,0.57730016,0.2288305,0.258823529,0.152941176,0.160784314
I412,Gun 2,Person,Pixabay,0.304189435,0.621621622,0.6464055,0.725490196,0.694117647,0.698039216
I413,Gun 3,Object,Pixabay,0.346083789,0.57985258,0.5359004,0.745098039,0.725490196,0.694117647
I414,Gun 4,Object,Pixabay,0.326047359,0.545454545,0.4127939,0.262745098,0.298039216,0.301960784
I415,Gun 5,Object,Pixabay,0.336976321,0.601965602,0.2589021,0.078431373,0.168627451,0.250980392
I416,Gun 6,Object,Pixabay,0.322115818,0.562844398,0.3359509,0.435294118,0.247058824,0.156862745
I417,Gun 7,Object,Pixabay,0.329473931,0.57730016,0.8950974,0.792156863,0.792156863,0.792156863
I418,Gun 8,Object,Pixabay,0.366264495,0.55802581,0.5450084,0.643137255,0.674509804,0.729411765
I419,Gun 9,Object,Pixabay,0.329690346,0.658476659,0.5359033,0.254901961,0.278431373,0.321568627
I420,Gun 10,Object,Pixabay,0.285325254,0.615848859,0.5767195,0.592156863,0.564705882,0.568627451
I421,Hallway 1,Scene,Wikipedia,0.279295689,0.417383292,0.2259442,0.145098039,0.141176471,0.121568627
I422,Hang gliding 1,Person,Wikipedia,0.733454766,0.658382158,0.3834316,0.31372549,0.337254902,0.388235294
I423,Hang gliding 2,Person,Wikipedia,0.755919854,0.621621622,0.574364,0.662745098,0.596078431,0.501960784
I424,Hang gliding 3,Person,Wikipedia,0.710382514,0.597051597,0.6136129,0.309803922,0.37254902,0.278431373
I425,Hangover 1,Person,Pixabay,0.243016105,0.411058897,0.5632696,0.764705882,0.698039216,0.698039216
I426,Happy face 1,Person,Pixabay,0.810868245,0.331482706,0.8725252,0.909803922,0.843137255,0.847058824
I427,Happy face 2,Person,Pixabay,0.759259259,0.367274617,0.8418416,0.258823529,0.243137255,0.243137255
I428,Happy pose 1,Person,Wikipedia,0.702489375,0.541461916,0.6558301,0.82745098,0.803921569,0.698039216
I429,Happy pose 2,Person,Wikipedia,0.836065574,0.555282555,0.3365759,0.258823529,0.22745098,0.266666667
I430,Happy pose 3,Scene,Wikipedia,0.861097585,0.555616517,0.4735181,0.258823529,0.188235294,0.149019608
I431,Heart 1,Object,Pixabay,0.661202186,0.267813268,0.3549512,0.439215686,0.337254902,0.329411765
I432,Heart 2,Object,Pixabay,0.709370573,0.348185598,0.3073129,0.270588235,0.239215686,0.133333333
I433,Heart 3,Object,Pixabay,0.675774135,0.208845209,0.4733525,0.176470588,0.219607843,0.192156863
I434,Horse 1,Animal,Pixabay,0.896883222,0.503283878,0.4388877,0.51372549,0.396078431,0.243137255
I435,Horse racing 1,Animal,Pixabay,0.577413479,0.648648649,0.4725237,0.298039216,0.270588235,0.258823529
I436,House 1,Scene,Pixabay,0.66848816,0.341523342,0.5893263,0.101960784,0.08627451,0.070588235
I437,Injury 1,Person,Pixabay,0.160291439,0.705159705,0.491371,0.882352941,0.768627451,0.721568627
I438,Injury 2,Person,Pixabay,0.182958915,0.586798337,0.6747162,0.682352941,0.623529412,0.631372549
I439,Injury 3,Person,Pixabay,0.160291439,0.746928747,0.4424618,0.235294118,0.196078431,0.2
I440,Injury 4,Person,Wikipedia,0.052823315,0.936117936,0.4401105,0.207843137,0.180392157,0.168627451
I441,Intensity 1,Person,Pixabay,0.316939891,0.609336609,0.4586876,0.662745098,0.619607843,0.584313725
I442,Jail 1,Scene,Pixabay,0.207650273,0.506142506,0.3033178,0.219607843,0.266666667,0.145098039
I443,Jail 2,Scene,Pixabay,0.169434976,0.485747,0.3442468,0.333333333,0.419607843,0.247058824
I444,Jail 3,Scene,Pixabay,0.262295082,0.547911548,0.3956454,0.439215686,0.37254902,0.305882353
I445,Jail 4,Scene,Pixabay,0.186399514,0.431700057,0.3582838,0.298039216,0.298039216,0.298039216
I446,Jail 5,Scene,Pixabay,0.364298725,0.395577396,0.5706979,0.305882353,0.349019608,0.219607843
I447,Keyboard 1,Object,Pixabay,0.568306011,0.113022113,0.4398907,0.117647059,0.219607843,0.388235294
I448,Keyboard 2,Object,Pixabay,0.55757543,0.167720236,0.175017,0.380392157,0.37254902,0.37254902
I449,Keyboard 3,Object,Pixabay,0.599271403,0.147420147,0.675257,0.117647059,0.133333333,0.188235294
I450,Keys 1,Object,Pixabay,0.542859204,0.167720236,0.3846867,0.247058824,0.262745098,0.203921569
I451,KKK rally 1,Person,Wikipedia,0.043715847,0.746928747,0.3162857,0.866666667,0.866666667,0.866666667
I452,KKK rally 2,Person,Wikipedia,0.027322404,0.815724816,0.4266967,0.854901961,0.564705882,0.282352941
I453,Knife 1,Object,Pixabay,0.39708561,0.479115479,0.2748802,0.223529412,0.235294118,0.266666667
I454,Knife 2,Object,Pixabay,0.415300547,0.498771499,0.264407,0.215686275,0.196078431,0.203921569
I455,Lake 1,Scene,Pixabay,0.956284153,0.565110565,0.3954317,0.192156863,0.188235294,0.121568627
I456,Lake 2,Scene,Pixabay,0.981785064,0.545454545,0.5825667,0.776470588,0.756862745,0.721568627
I457,Lake 3,Scene,Pixabay,0.902044121,0.379205254,0.4494742,0.37254902,0.419607843,0.443137255
I458,Lake 4,Scene,Pixabay,0.86935843,0.393522019,0.4618655,0.239215686,0.329411765,0.301960784
I459,Lake 5,Scene,Pixabay,0.899727678,0.647169676,0.4861176,0.188235294,0.28627451,0.266666667
I460,Lake 6,Scene,Pixabay,0.626593807,0.194103194,0.383353,0.137254902,0.4,0.470588235
I461,Lake 7,Scene,Flickr/James Wheeler,0.926128314,0.469878095,0.4750427,0.211764706,0.278431373,0.282352941
I462,Lake 8,Scene,Flickr/James Wheeler,0.947176685,0.562653563,0.3889283,0.498039216,0.305882353,0.070588235
I463,Lake 9,Scene,Flickr/James Wheeler,0.985428051,0.5995086,0.2957343,0.874509804,0.537254902,0.133333333
I464,Lake 10,Scene,Flickr/James Wheeler,0.936247723,0.525798526,0.4665435,0.28627451,0.533333333,0.764705882
I465,Lake 11,Scene,Flickr/James Wheeler,0.856102004,0.567567568,0.3270854,0.458823529,0.317647059,0.129411765
I466,Lake 12,Scene,Flickr/James Wheeler,0.978827391,0.753178598,0.6949565,0.749019608,0.792156863,0.839215686
I467,Lake 13,Scene,Flickr/James Wheeler,0.93989071,0.503283878,0.5912777,0.388235294,0.552941176,0.717647059
I468,Lake 14,Scene,Flickr/James Wheeler,0.967213115,0.737100737,0.4657601,0.411764706,0.392156863,0.349019608
I469,Lake 15,Scene,Flickr/James Wheeler,0.954913524,0.729085661,0.4093573,0.262745098,0.278431373,0.298039216
I470,Lake 16,Scene,Flickr/James Wheeler,0.929160129,0.644760383,0.2160228,0.078431373,0.133333333,0.149019608
I471,Lake 17,Scene,Wikipedia,0.832422587,0.476658477,0.3700201,0.250980392,0.262745098,0.278431373
I472,Lamb 1,Animal,Pixabay,0.863387978,0.56019656,0.4515638,0.368627451,0.470588235,0.223529412
I473,Lava 1,Scene,Pixabay,0.547662417,0.751441126,0.4602071,0.231372549,0.192156863,0.219607843
I474,Lightning 1,Scene,Pixabay,0.695810565,0.702702703,0.6801707,0.568627451,0.603921569,0.564705882
I475,Lightning 2,Scene,Wikipedia,0.585168353,0.726676367,0.2367166,0.031372549,0.066666667,0.101960784
I476,Lightning 3,Scene,Wikipedia,0.646630237,0.769041769,0.3232678,0.31372549,0.266666667,0.619607843
I477,Lightning 4,Scene,Wikipedia,0.62295082,0.778869779,0.3190119,0.258823529,0.223529412,0.250980392
I478,Lightning 5,Scene,Wikipedia,0.613843352,0.705159705,0.0632434,0.109803922,0.066666667,0.082352941
I479,Lightning 6,Scene,Wikipedia,0.628415301,0.749385749,0.6704631,0.764705882,0.776470588,0.870588235
I480,Lightning 7,Scene,Wikipedia,0.618279861,0.688127669,0.2486399,0.219607843,0.168627451,0.219607843
I481,Lion 1,Animal,Pixabay,0.726812026,0.656806851,0.4578907,0.517647059,0.439215686,0.352941176
I482,Lion 2,Animal,Flickr/Matt Reinbold,0.473588343,0.641277641,0.5180499,0.741176471,0.678431373,0.631372549
I483,Lion 3,Animal,Flickr/arlo,0.712811172,0.51998677,0.4536072,0.466666667,0.411764706,0.262745098
I484,Lion 4,Animal,Flickr/Glen Bowman,0.653916211,0.626535627,0.5672682,0.643137255,0.556862745,0.419607843
I485,Lion 5,Animal,Wikipedia,0.486338798,0.744471745,0.4327243,0.584313725,0.439215686,0.31372549
I486,Massage 1,Person,Wikipedia,0.85428051,0.614250614,0.7557564,0.905882353,0.678431373,0.498039216
I487,Massage 2,Person,Flickr/Synergy ByDesign,0.863387978,0.601965602,0.6396697,0.752941176,0.745098039,0.647058824
I488,Meerkat 1,Animal,Pixabay,0.714531471,0.41022491,0.6516201,0.733333333,0.596078431,0.560784314
I489,Memorial 1,Scene,Pixabay,0.661202186,0.671744472,0.4825134,0.509803922,0.501960784,0.384313725
I490,Memorial 2,Scene,Pixabay,0.344190157,0.541160755,0.6807494,0.568627451,0.666666667,0.321568627
I491,Memorial 3,Scene,Pixabay,0.361870067,0.455561331,0.4729903,0.274509804,0.317647059,0.105882353
I492,Miserable face 1,Person,Wikipedia,0.449043265,0.43274254,0.4650669,0.207843137,0.207843137,0.207843137
I493,Miserable face 2,Person,Pixabay,0.275045537,0.545454545,0.3362502,0.207843137,0.192156863,0.184313725
I494,Miserable pose 1,Person,Wikipedia,0.269581057,0.432432432,0.2770592,0.145098039,0.145098039,0.145098039
I495,Miserable pose 2,Person,Pixabay,0.31370168,0.36488849,0.1744692,0.101960784,0.125490196,0.133333333
I496,Miserable pose 3,Person,Wikipedia,0,0.857493858,0.7473987,0.82745098,0.807843137,0.796078431
I497,Miserable pose 4,Person,Wikipedia,0.274134791,0.562937063,0.2193636,0.188235294,0.196078431,0.164705882
I498,Miserable pose 5,Person,Pixabay,0.342440802,0.434889435,0.4942386,0.207843137,0.211764706,0.235294118
I499,Money 1,Object,Pixabay,0.715774856,0.492974881,1,0.862745098,0.752941176,0.521568627
I500,Monkey 1,Animal,Pixabay,0.699219102,0.625486033,0.5543082,0.678431373,0.592156863,0.48627451
I501,Monkey 2,Animal,Flickr/Jo Christian Oterhals,0.5428051,0.503685504,0.2374376,0.192156863,0.184313725,0.188235294
I502,Monkey 3,Animal,All-free-download.com,0.466808338,0.46510584,0.5101368,0.274509804,0.219607843,0.17254902
I503,Monkey 4,Animal,Pixabay,0.325743777,0.493739369,0.1531441,0.141176471,0.101960784,0.094117647
I504,Moon 1,Scene,Pixabay,0.774134791,0.476658477,0.3758464,0.054901961,0.054901961,0.054901961
I505,Mother 1,Person,Pixabay,0.928961749,0.594594595,0.6722341,0.878431373,0.690196078,0.396078431
I506,Mother 2,Person,Pixabay,0.895162923,0.534303534,0.8951206,0.890196078,0.88627451,0.894117647
I507,Mother 3,Person,Pixabay,0.739688723,0.598983803,0.6302688,0.77254902,0.678431373,0.654901961
I508,Mother 4,Person,Pixabay,0.918032787,0.594594595,0.5556712,0.705882353,0.603921569,0.556862745
I509,Mother 5,Person,Pixabay,0.896883222,0.450789076,0.5722629,0.674509804,0.733333333,0.517647059
I510,Mother 6,Person,Pixabay,0.923497268,0.683046683,0.7358279,0.823529412,0.623529412,0.57254902
I511,Mother 7,Person,Pixabay,0.916283432,0.647169676,0.8160926,0.823529412,0.811764706,0.784313725
I512,Mother 8,Person,Pixabay,0.896174863,0.565110565,0.8509139,0.941176471,0.768627451,0.756862745
I513,Mother 9,Person,Flickr/Graco Children Products,0.90548472,0.481808732,0.632124,0.662745098,0.623529412,0.564705882
I514,Motocross 1,Person,Pixabay,0.68184578,0.539075789,0.637893,0.760784314,0.768627451,0.784313725
I515,Musician 1,Person,Pixabay,0.798826149,0.376819127,0.1255981,0.741176471,0.494117647,0.443137255
I516,Nature 1,Scene,Pixabay,0.930999657,0.678490494,0.4245642,0.22745098,0.247058824,0.164705882
I517,Nature 2,Scene,Pixabay,0.846994536,0.466830467,0.4737736,0.211764706,0.207843137,0.188235294
I518,Neonazi 1,Person,Wikipedia,0.173041894,0.680589681,0.4302528,0.82745098,0.823529412,0.850980392
I519,Neutral face 1,Person,Wikipedia,0.530054645,0.176904177,0.5532972,0.501960784,0.396078431,0.329411765
I520,Neutral face 2,Person,Pixabay,0.662922485,0.121503496,0.8005893,0.847058824,0.878431373,0.854901961
I521,Neutral face 3,Person,Pixabay,0.631156558,0.230361871,0.2498426,0.156862745,0.180392157,0.082352941
I522,Neutral face 4,Person,Pixabay,0.517105809,0.12039312,0.2294244,0.2,0.180392157,0.188235294
I523,Neutral face 5,Person,Pixabay,0.719489982,0.515970516,0.6606492,0.819607843,0.788235294,0.8
I524,Neutral pose 1,Person,Pixabay,0.734061931,0.329238329,0.5094978,0.290196078,0.305882353,0.341176471
I525,Neutral pose 2,Scene,Pixabay,0.770491803,0.488943489,0.5417607,0.458823529,0.501960784,0.549019608
I526,Neutral pose 3,Person,Pixabay,0.502389583,0.225543284,0.6422409,0.882352941,0.882352941,0.882352941
I527,Nude couple 1,Person,Wikipedia,0.801457195,0.818181818,0.3923699,0.250980392,0.250980392,0.250980392
I528,Nude couple 2,Person,Wikipedia,0.805100182,0.673218673,0.2097473,0.17254902,0.141176471,0.070588235
I529,Nude couple 3,Person,Flickr/you me,0.806921676,0.697788698,0.6075145,0.725490196,0.517647059,0.345098039
I530,Nude couple 4,Person,Flickr/Marquis C.,0.790528233,0.687960688,0.2705942,0.164705882,0.137254902,0.109803922
I531,Nude couple 5,Person,Wikipedia,0.850435135,0.906539407,0.352764,0.847058824,0.8,0.811764706
I532,Nude couple 6,Person,Flickr/kris krueg,0.778318816,0.926647742,0.5410004,0.654901961,0.607843137,0.525490196
I533,Nude couple 7,Person,Wikipedia,0.851899944,0.625486033,0.6108735,0.596078431,0.556862745,0.51372549
I534,Nude couple 8,Person,DeviantArt,0.774741955,0.746668872,0.398771,0.258823529,0.243137255,0.211764706
I535,Nude couple 9,Person,Flickr/Jaume Ventura,0.754098361,0.835380835,0.5993088,0.815686275,0.690196078,0.6
I536,Nude couple 10,Person,Wikipedia,0.816029144,0.646191646,0.2716916,0.509803922,0.282352941,0.078431373
I537,Nude couple 11,Person,Wikipedia,0.657559199,1,0.3963051,0.788235294,0.792156863,0.792156863
I538,Nude couple 12,Person,Flickr/dat,0.735883424,0.874692875,0.5028744,0.62745098,0.482352941,0.42745098
I539,Nude couple 13,Person,Wikipedia,0.870673953,0.7002457,0.5580334,0.631372549,0.48627451,0.435294118
I540,Nude couple 14,Person,Wikipedia,0.693700518,0.974833616,0.3323006,0.168627451,0.156862745,0.141176471
I541,Nude man 1,Person,Flickr/Charles Roffey,0.608378871,0.395577396,0.3866625,0.247058824,0.207843137,0.180392157
I542,Nude man 2,Person,Flickr/Charles Roffey,0.619307832,0.339066339,0.6664632,0.8,0.788235294,0.741176471
I543,Nude man 4,Person,Flickr/Swire,0.646630237,0.488943489,0.4734508,0.62745098,0.509803922,0.447058824
I544,Nude man 5,Person,Flickr/Travis75,0.669786651,0.476109826,0.5448,0.741176471,0.529411765,0.31372549
I545,Nude man 6,Person,Flickr/sea turtle,0.537340619,0.454545455,0.5995852,0.768627451,0.525490196,0.392156863
I546,Nude man 7,Person,Flickr/O. G.,0.632996087,0.509839937,0.5622826,0.658823529,0.541176471,0.501960784
I547,Nude man 8,Person,Flickr/John Goodridge,0.382820249,0.512249231,0.3813156,0.250980392,0.517647059,0.737254902
I548,Nude man 9,Person,Flickr/Rodrigo S_ Barreto,0.42552115,0.448402948,0.2346426,0.850980392,0.494117647,0.435294118
I549,Nude man 10,Person,Wikipedia,0.452722321,0.502612056,0.4658748,0.28627451,0.215686275,0.117647059
I550,Nude man 11,Person,Wikipedia,0.384335155,0.611793612,0.3936607,0.537254902,0.192156863,0.070588235
I551,Nude man 12,Person,Flickr/Chris Hunkeler,0.66058901,0.425514659,0.2212729,0.082352941,0.125490196,0.125490196
I552,Nude man 13,Person,Flickr/Sasha Kargaltsev,0.592526466,0.444789008,0.4878669,0.450980392,0.466666667,0.498039216
I553,Nude man 14,Person,Flickr/See-ming Lee,0.600991702,0.498511624,0.5496495,0.517647059,0.48627451,0.454901961
I554,Nude man 15,Person,Wikipedia,0.511587224,0.45924477,0.3490622,0.823529412,0.650980392,0.560784314
I555,Nude man 16,Person,Flickr/David Shankbone,0.616474398,0.543848044,0.3615986,0.239215686,0.231372549,0.2
I556,Nude man 17,Person,Wikipedia,0.485833829,0.444789008,0.5041728,0.749019608,0.48627451,0.298039216
I557,Nude man 18,Person,Wikipedia,0.451325643,0.453175203,0.4263092,0.435294118,0.376470588,0.341176471
I558,Nude man 19,Person,Wikipedia,0.680125481,0.522372897,0.4284611,0.545098039,0.403921569,0.368627451
I559,Nude man 20,Person,Wikipedia,0.441003845,0.627362502,0.3874329,0.243137255,0.247058824,0.239215686
I560,Nude man 3,Person,Flickr/Charles Roffey,0.593806922,0.388206388,0.6309425,0.745098039,0.678431373,0.639215686
I561,Nude man 21,Person,Wikipedia,0.453551913,0.648648649,0.5228382,0.537254902,0.505882353,0.482352941
I562,Nude man 22,Person,Wikipedia,0.686703097,0.547911548,0.5734477,0.490196078,0.376470588,0.278431373
I563,Nude man 23,Person,Flickr/Sasha Kargaltsev,0.533697632,0.471744472,0.7863439,0.215686275,0.215686275,0.215686275
I564,Nude woman 1,Person,Wikipedia,0.723132969,0.671262613,0.9129795,0.945098039,0.858823529,0.698039216
I565,Nude woman 2,Person,Wikipedia,0.653230897,0.748360011,0.5277292,0.733333333,0.439215686,0.266666667
I566,Nude woman 3,Person,Wikipedia,0.652094718,0.906633907,0.2825807,0.239215686,0.215686275,0.176470588
I567,Nude woman 4,Person,Wikipedia,0.513426753,0.74113213,0.1762209,0.835294118,0.643137255,0.564705882
I568,Nude woman 5,Person,Wikipedia,0.78870674,0.805896806,0.4718522,0.51372549,0.411764706,0.37254902
I569,Nude woman 6,Person,Pixabay,0.686703097,0.685503686,0.4742884,0.776470588,0.521568627,0.364705882
I570,Nude woman 7,Person,Pixabay,0.756244477,0.745950717,0.1239115,0.109803922,0.094117647,0.090196078
I571,Nude woman 8,Person,Pixabay,0.792349727,0.766584767,0.4636855,0.207843137,0.2,0.196078431
I572,Nude woman 9,Person,Pixabay,0.761384335,0.761670762,0.6454912,0.839215686,0.8,0.776470588
I573,Nude woman 10,Person,Pixabay,0.731734467,0.863589114,0.7069728,0.894117647,0.835294118,0.752941176
I574,Nude woman 11,Person,Pixabay,0.75753896,0.799163674,0.3628363,0.184313725,0.129411765,0.105882353
I575,Nude woman 12,Person,Pixabay,0.761763062,0.801364471,0.6645864,0.705882353,0.705882353,0.705882353
I576,Nude woman 13,Person,Pixabay,0.778182554,0.88506426,0.6484149,0.831372549,0.745098039,0.717647059
I577,Nude woman 14,Person,Pixabay,0.739526412,0.808353808,0.2991024,0.141176471,0.121568627,0.211764706
I578,Nude woman 15,Person,Wikipedia,0.775956284,0.914004914,0.3848355,0.494117647,0.270588235,0.168627451
I579,Nude woman 16,Person,Flickr/++,0.666363084,0.932786808,0.5511428,0.698039216,0.549019608,0.447058824
I580,Nude woman 17,Person,Wikipedia,0.747217163,0.873133623,0.4080172,0.211764706,0.211764706,0.211764706
I581,Nude woman 18,Person,Wikipedia,0.72141267,0.920856171,0.5066603,0.298039216,0.364705882,0.447058824
I582,Nude woman 19,Person,Wikipedia,0.706739526,0.936117936,0.4282871,0.298039216,0.254901961,0.243137255
I583,Nude woman 20,Person,Wikipedia,0.703096539,0.85995086,0.2878215,0.2,0.184313725,0.17254902
I584,Nude woman 21,Person,Flickr/Christian Hernandez,0.679417122,0.764127764,0.6807988,0.760784314,0.682352941,0.537254902
I585,Nude woman 22,Person,Flickr/Jenna Jameson,0.676684882,0.801549802,0.5305428,0.745098039,0.533333333,0.345098039
I586,Office supplies 1,Object,Pixabay,0.544221818,0.047533548,0.5970334,0.764705882,0.682352941,0.607843137
I587,Office supplies 2,Object,Pixabay,0.553896373,0.037618377,0.826108,0.164705882,0.247058824,0.552941176
I588,Office supplies 3,Object,Pixabay,0.581489297,0.254454808,0.3106848,0.545098039,0.121568627,0.066666667
I589,Office supplies 4,Object,Pixabay,0.588847409,0.112660789,0.2818359,0.247058824,0.2,0.168627451
I590,Office supplies 5,Object,Pixabay,0.547662417,0.042761293,0.4699571,0.662745098,0.501960784,0.407843137
I591,Opossum 1,Animal,Pixabay,0.404371585,0.58968059,0.4784597,0.415686275,0.431372549,0.439215686
I592,Orangutan 1,Animal,Pixabay,0.712204007,0.466830467,0.5169133,0.674509804,0.701960784,0.364705882
I593,Ornament 1,Object,Pixabay,0.76867031,0.294840295,0.8553978,0.862745098,0.22745098,0.396078431
I594,Paintbrush 1,Object,Pixabay,0.549382716,0.102414477,0.2703657,0.137254902,0.133333333,0.094117647
I595,Paper 1,Object,Pixabay,0.566773071,0.042436965,0.6979565,0.776470588,0.803921569,0.788235294
I596,Paper 2,Object,Pixabay,0.553896373,0.05930202,0.60445,0.650980392,0.592156863,0.48627451
I597,Paper 3,Object,Pixabay,0.581056466,0.031941032,0.7188916,0.741176471,0.756862745,0.733333333
I598,Paper 4,Object,Pixabay,0.553896373,0.044846258,0.5184614,0.42745098,0.396078431,0.376470588
I599,Paper 5,Object,Pixabay,0.604735883,0.14004914,0.7012967,0.776470588,0.752941176,0.670588235
I600,Paperclips 1,Object,Pixabay,0.535519126,0.076167076,0.6291326,0.619607843,0.619607843,0.619607843
I601,Paperclips 2,Object,Pixabay,0.644808743,0.15970516,0.4582321,0.901960784,0.635294118,0.392156863
I602,Paperclips 3,Object,Pixabay,0.546448087,0.036855037,0.5479525,0.603921569,0.501960784,0.439215686
I603,Paperclips 4,Object,Pixabay,0.550217317,0.095441426,0.5449045,0.431372549,0.545098039,0.647058824
I604,Parachuting 1,Scene,Pixabay,0.746812386,0.707616708,0.5359861,0.431372549,0.521568627,0.596078431
I605,Parachuting 2,Person,Wikipedia,0.803278689,0.656019656,0.5660145,0.952941176,0.815686275,0.678431373
I606,Parachuting 3,Person,Wikipedia,0.794874569,0.76763436,0.6471184,0.549019608,0.68627451,0.866666667
I607,Parachuting 4,Person,Wikipedia,0.686703097,0.872235872,0.5285311,0.596078431,0.619607843,0.658823529
I608,Parade 1,Person,Pixabay,0.843553937,0.443630694,0.47612,0.682352941,0.635294118,0.611764706
I609,Parasailing 1,Scene,Pixabay,0.845173042,0.562653563,0.6560335,0.77254902,0.803921569,0.847058824
I610,Parasailing 2,Person,Pixabay,0.747046836,0.659216145,0.5656767,0.466666667,0.57254902,0.631372549
I611,Parasailing 3,Scene,Pixabay,0.748886364,0.639941795,0.388692,0.22745098,0.403921569,0.545098039
I612,Parasailing 4,Scene,Pixabay,0.779902854,0.622590248,0,0.019607843,0.019607843,0.02745098
I613,Party 1,Person,Pixabay,0.633879781,0.30958231,0.3628788,0.925490196,0.71372549,0.62745098
I614,Path 1,Scene,Pixabay,0.68852459,0.257985258,0.527483,0.4,0.498039216,0.270588235
I615,Penguins 1,Animal,Pixabay,0.84638136,0.509839937,0.6323546,0.466666667,0.6,0.792156863
I616,Penguins 2,Animal,Pixabay,0.947555411,0.733904249,0.703293,0.694117647,0.705882353,0.678431373
I617,Performance 1,Scene,Pixabay,0.829825606,0.538751461,0.2891979,0.235294118,0.141176471,0.066666667
I618,Performance 2,Scene,Pixabay,0.668083384,0.446016821,0.2820812,0.815686275,0.678431373,0.615686275
I619,Phone 1,Object,Pixabay,0.632058288,0.176904177,0.4244569,0.937254902,0.909803922,0.752941176
I620,Picnic 1,Person,Pixabay,0.919962488,0.50502135,0.527966,0.501960784,0.462745098,0.360784314
I621,Picnic 2,Person,Pixabay,0.891722323,0.441244566,0.5033614,0.552941176,0.611764706,0.6
I622,Picnic 3,Person,Pixabay,0.638838292,0.391135891,0.4266252,0.223529412,0.247058824,0.243137255
I623,Picnic 4,Person,Pixabay,0.728651554,0.379738079,0.5254006,0.345098039,0.419607843,0.407843137
I624,Pig 1,Animal,Wikipedia,0.637522769,0.385749386,0.5973465,0.611764706,0.560784314,0.364705882
I625,Pig 2,Animal,Wikipedia,0.666363084,0.374432999,0.3468284,0.258823529,0.219607843,0.188235294
I626,Pigeon 1,Animal,Pixabay,0.641165756,0.181818182,0.4027678,0.243137255,0.28627451,0.180392157
I627,Pigeon 2,Animal,Pixabay,0.637522769,0.144963145,0.6178032,0.670588235,0.584313725,0.482352941
I628,Pigeon 3,Animal,Pixabay,0.653916211,0.233415233,0.3342972,0.254901961,0.270588235,0.239215686
I629,Pigeon 4,Animal,Pixabay,0.745207308,0.377328785,0.5002241,0.48627451,0.48627451,0.349019608
I630,Pigeon 5,Animal,Pixabay,0.635397693,0.202631828,0.458101,0.384313725,0.450980392,0.466666667
I631,Pigeon 6,Animal,Flickr/internets_dairy,0.225966404,0.527145152,0.5956655,0.584313725,0.592156863,0.580392157
I632,Pinecone 1,Object,Pixabay,0.655737705,0.093366093,0.6721031,0.890196078,0.831372549,0.780392157
I633,Pinecone 2,Object,Pixabay,0.615664845,0.108108108,0.1084602,0.105882353,0.117647059,0.141176471
I634,Pinecone 3,Object,Pixabay,0.760979559,0.181156681,0.417014,0.392156863,0.384313725,0.258823529
I635,Pinecone 4,Object,Pixabay,0.639344262,0.162162162,0.4285951,0.423529412,0.411764706,0.192156863
I636,Plane crash 1,Object,Pixabay,0.276867031,0.574938575,0.6446297,0.823529412,0.858823529,0.882352941
I637,Plane crash 2,Scene,Pixabay,0.316939891,0.540540541,0.4721181,0.137254902,0.133333333,0.152941176
I638,Plane crash 3,Scene,Pixabay,0.209471767,0.604422604,0.4542511,0.28627451,0.258823529,0.203921569
I639,Plane crash 4,Object,Pixabay,0.174953561,0.598983803,0.5300969,0.564705882,0.564705882,0.564705882
I640,Police 1,Person,Pixabay,0.275045537,0.641277641,0.544408,0.77254902,0.756862745,0.705882353
I641,Police 2,Person,Pixabay,0.2380085,0.713263088,0.5277155,0.690196078,0.501960784,0.368627451
I642,Police 3,Person,Pixabay,0.590669905,0.422155547,0.3713916,0.2,0.207843137,0.2
I643,Police 4,Person,Pixabay,0.404371585,0.515970516,0.4555034,0.890196078,0.933333333,0.952941176
I644,Police 5,Person,Pixabay,0.245901639,0.582309582,0.5634885,0.235294118,0.250980392,0.254901961
I645,Pollution 1,Scene,Pixabay,0.254053274,0.478519119,0.5198388,0.560784314,0.564705882,0.568627451
I646,Power lines 1,Scene,Pixabay,0.531876138,0.243243243,0.6035038,0.254901961,0.364705882,0.498039216
I647,Present 1,Object,Pixabay,0.817850638,0.319410319,0.7708487,0.898039216,0.831372549,0.850980392
I648,Present 2,Object,Pixabay,0.81420765,0.346437346,0.4985414,0.556862745,0.4,0.388235294
I649,Prison 1,Scene,Pixabay,0.5428051,0.265356265,0.6282758,0.466666667,0.466666667,0.466666667
I650,Prison 2,Object,Pixabay,0.281015989,0.369660745,0.3839022,0.537254902,0.537254902,0.537254902
I651,Pumpkin 1,Object,Pixabay,0.695810565,0.152334152,0.9957912,0.941176471,0.450980392,0.054901961
I652,Raccoon 1,Animal,Flickr/chad thomas,0.463759491,0.601393097,0.4870287,0.784313725,0.682352941,0.639215686
I653,Rafting 1,Person,Wikipedia,0.64571949,0.663154413,0.4567916,0.168627451,0.184313725,0.137254902
I654,Rafting 2,Person,Wikipedia,0.690346084,0.776412776,0.3605529,0.17254902,0.184313725,0.203921569
I655,Rafting 3,Person,Wikipedia,0.741347905,0.628992629,0.5739957,0.556862745,0.556862745,0.549019608
I656,Rafting 4,Person,Wikipedia,0.83151184,0.584412209,0.4752595,0.301960784,0.337254902,0.345098039
I657,Rafting 5,Person,Wikipedia,0.757741348,0.778869779,0.5794275,0.145098039,0.156862745,0.160784314
I658,Rafting 6,Person,Wikipedia,0.72141267,0.601115101,0.4445482,0.454901961,0.42745098,0.376470588
I659,Railroad 1,Scene,Pixabay,0.586520947,0.312039312,0.5217866,0.839215686,0.839215686,0.839215686
I660,Rainbow 1,Scene,Wikipedia,0.951932807,0.586798337,0.4496469,0.31372549,0.384313725,0.364705882
I661,Rainbow 2,Scene,Pixabay,0.956753052,0.796545884,0.5788939,0.639215686,0.694117647,0.666666667
I662,Research 1,Scene,Pixabay,0.627477502,0.666444026,0.195394,0.090196078,0.137254902,0.835294118
I663,Road 1,Scene,Pixabay,0.734061931,0.417690418,0.4213304,0.247058824,0.243137255,0.203921569
I664,Rock climbing 1,Person,Wikipedia,0.637522769,0.636363636,0.4798494,0.57254902,0.466666667,0.376470588
I665,Rock climbing 2,Person,Wikipedia,0.663023679,0.732186732,0.5243983,0.494117647,0.396078431,0.305882353
I666,Rock climbing 3,Person,Wikipedia,0.639344262,0.687960688,0.4835664,0.505882353,0.447058824,0.384313725
I667,Rock climbing 4,Person,Wikipedia,0.582068407,0.62974863,0.5981883,0.556862745,0.541176471,0.537254902
I668,Rocks 1,Object,Pixabay,0.663023679,0.179361179,0.3880827,0.274509804,0.278431373,0.290196078
I669,Rocks 2,Object,Pixabay,0.594365994,0.102669307,0.5331974,0.541176471,0.549019608,0.552941176
I670,Rocks 3,Object,Pixabay,0.595628415,0.125307125,0.6693119,0.741176471,0.701960784,0.607843137
I671,Rocks 4,Object,Pixabay,0.633879781,0.12039312,0.3989105,0.262745098,0.247058824,0.270588235
I672,Rocks 5,Object,Pixabay,0.626593807,0.117936118,0.4873964,0.298039216,0.305882353,0.309803922
I673,Rocks 6,Object,Pixabay,0.575591985,0.039312039,0.5580918,0.545098039,0.541176471,0.541176471
I674,Rocks 7,Object,Pixabay,0.595628415,0.056511056,0.5474631,0.466666667,0.501960784,0.501960784
I675,Rollercoaster 1,Scene,Wikipedia,0.805911739,0.748360011,0.4351025,0.298039216,0.454901961,0.650980392
I676,Rollercoaster 2,Scene,Wikipedia,0.792349727,0.85012285,0.4519666,0.180392157,0.219607843,0.254901961
I677,Rollercoaster 3,Scene,Wikipedia,0.743367779,0.671262613,0.3641638,0.231372549,0.235294118,0.235294118
I678,Roofing 1,Object,Pixabay,0.541019676,0.07857637,0.3423733,0.145098039,0.101960784,0.08627451
I679,Roofing 2,Object,Pixabay,0.548377789,0.107487894,0.3262911,0.839215686,0.788235294,0.780392157
I680,Roofing 3,Object,Pixabay,0.523578223,0.095256095,0.5068845,0.545098039,0.384313725,0.345098039
I681,Roofing 4,Object,Pixabay,0.4571949,0.162162162,0.6812651,0.811764706,0.647058824,0.545098039
I682,Roofing 5,Object,Pixabay,0.54653826,0.056892727,0.6547816,0.882352941,0.764705882,0.678431373
I683,Rooster 1,Animal,Flickr/Craig Marren,0.597449909,0.437346437,0.2743153,0.168627451,0.149019608,0.105882353
I684,Rubber duck 1,Object,Pixabay,0.799635701,0.513513514,0.7385173,0.725490196,0.552941176,0.250980392
I685,Rugby 1,Person,Pixabay,0.578627808,0.567709318,0.6206275,0.815686275,0.776470588,0.780392157
I686,Rugby 2,Person,Wikipedia,0.78870674,0.341523342,0.5799706,0.415686275,0.443137255,0.262745098
I687,Running away 1,Person,Pixabay,0.644808743,0.464373464,0.2467868,0.196078431,0.141176471,0.125490196
I688,Sad face 1,Person,Pixabay,0.293260474,0.656019656,0.4486008,0.698039216,0.517647059,0.48627451
I689,Sad face 2,Person,Pixabay,0.360745911,0.639941795,0.3714093,0.51372549,0.345098039,0.278431373
I690,Sad face 3,Person,Pixabay,0.377301665,0.430333246,0.4392878,0.819607843,0.51372549,0.360784314
I691,Sad face 4,Person,Pixabay,0.438979964,0.297297297,0.2640423,0.768627451,0.768627451,0.768627451
I692,Sad face 5,Person,Pixabay,0.599271403,0.351351351,0.6398323,0.8,0.717647059,0.643137255
I693,Sad face 6,Person,Pixabay,0.471117604,0.514091632,0.4874751,0.31372549,0.274509804,0.243137255
I694,Sad face 7,Person,Pixabay,0.377301665,0.521886405,0.3729561,0.537254902,0.341176471,0.184313725
I695,Sad face 8,Person,Wikipedia,0.282736288,0.613045738,0.5886264,0.533333333,0.533333333,0.533333333
I696,Sad face 9,Person,Pixabay,0.224246104,0.636907012,0.6490153,0.745098039,0.725490196,0.71372549
I697,Sad pose 1,Person,Pixabay,0.329690346,0.491400491,0.3093854,0.184313725,0.149019608,0.156862745
I698,Sad pose 2,Person,Pixabay,0.462659381,0.395577396,0.6356951,0.749019608,0.749019608,0.749019608
I699,Sad pose 3,Person,Wikipedia,0.327464076,0.508056133,0.2818874,0.749019608,0.749019608,0.749019608
I700,Sad pose 4,Person,Pixabay,0.322303178,0.403066528,0.1779537,0.08627451,0.141176471,0.149019608
I701,Sad pose 5,Person,Pixabay,0.373406193,0.412776413,0.4868632,0.215686275,0.082352941,0.019607843
I702,Sad pose 6,Person,Pixabay,0.410413173,0.372510198,0.3928231,0.454901961,0.352941176,0.294117647
I703,Sad pose 7,Person,Wikipedia,0.303379883,0.491353241,0.4168012,0.243137255,0.243137255,0.243137255
I704,Sailing 1,Scene,Wikipedia,0.647712312,0.685718375,0.5295683,0.494117647,0.588235294,0.631372549
I705,Sailing 2,Scene,Wikipedia,0.779599271,0.712530713,0.5971472,0.6,0.690196078,0.784313725
I706,Sailing 3,Scene,Wikipedia,0.806921676,0.479115479,0.3511918,0.196078431,0.235294118,0.270588235
I707,Satellite 1,Object,Pixabay,0.735883424,0.530712531,0.430629,0.168627451,0.231372549,0.37254902
I708,Scared cat 1,Animal,Pixabay,0.650273224,0.707616708,0.4048197,0.431372549,0.470588235,0.407843137
I709,Scared face 1,Person,Pixabay,0.517105809,0.374919491,0.9828908,0.870588235,0.77254902,0.77254902
I710,Scared face 2,Person,Pixabay,0.495446266,0.373464373,0.4742311,0.270588235,0.490196078,0.278431373
I711,Scared face 3,Person,Pixabay,0.360149767,0.601115101,0.3685801,0.290196078,0.290196078,0.282352941
I712,Scared face 4,Person,Pixabay,0.346029685,0.444789008,0.2311802,0.184313725,0.152941176,0.149019608
I713,Scared face 5,Person,Flickr/Dee Teal,0.357066854,0.497793469,0.2165193,0.08627451,0.08627451,0.08627451
I714,Scary face 1,Person,Flickr/Filemon Pi,0.124468731,0.701332451,0.4539583,0.28627451,0.294117647,0.282352941
I715,Scary face 2,Person,Pixabay,0.358906383,0.562844398,0.5614906,0.839215686,0.839215686,0.839215686
I716,School 1,Person,Pixabay,0.750455373,0.361179361,0.4231592,0.223529412,0.207843137,0.207843137
I717,School 2,Person,Pixabay,0.877959927,0.562653563,0.5381531,0.57254902,0.478431373,0.419607843
I718,School 3,Person,Pixabay,0.739688723,0.423105365,0.3763552,0.231372549,0.149019608,0.101960784
I719,School 4,Person,Pixabay,0.642278891,0.403066528,0.5497888,0.858823529,0.780392157,0.701960784
I720,School 5,Person,Pixabay,0.637522769,0.233415233,0.3952007,0.164705882,0.164705882,0.164705882
I721,School 6,Person,Pixabay,0.836065574,0.348894349,0.4228752,0.533333333,0.392156863,0.247058824
I722,School 7,Person,Pixabay,0.843351548,0.371474201,0.3632901,0.874509804,0.819607843,0.749019608
I723,School 8,Person,Pixabay,0.776479287,0.408649603,0.3789279,0.207843137,0.105882353,0.066666667
I724,Seal 1,Animal,Pixabay,0.655737705,0.545454545,0.2996622,0.243137255,0.223529412,0.219607843
I725,Severed finger 1,Person,Wikipedia,0.105051489,0.664034732,0.1040554,0.8,0.57254902,0.466666667
I726,Shark 1,Animal,Pixabay,0.492612831,0.601115101,0.3895782,0.17254902,0.498039216,0.384313725
I727,Shark 2,Animal,Pixabay,0.473588343,0.712530713,0.3262547,0.082352941,0.290196078,0.31372549
I728,Shark 3,Animal,Pixabay,0.502389583,0.656806851,0.447112,0.094117647,0.435294118,0.68627451
I729,Shark 4,Animal,Pixabay,0.366264495,0.724267074,0.2891462,0.180392157,0.231372549,0.309803922
I730,Shark 5,Animal,Pixabay,0.462659381,0.683046683,0.3525349,0.11372549,0.22745098,0.329411765
I731,Shark 6,Animal,Wikipedia,0.518417324,0.558164808,0.2267214,0.717647059,0.725490196,0.71372549
I732,Shark 7,Animal,Wikipedia,0.502389583,0.642351089,0.2824644,0.168627451,0.294117647,0.282352941
I733,Shark 8,Animal,Wikipedia,0.550091075,0.683046683,0.3326074,0.423529412,0.815686275,0.858823529
I734,Shark 9,Animal,Wikipedia,0.515482696,0.680589681,0.4267893,0.02745098,0.517647059,0.803921569
I735,Shark 10,Animal,Wikipedia,0.395696947,0.688127669,0.409548,0.207843137,0.450980392,0.588235294
I736,Shark 11,Animal,Wikipedia,0.483994301,0.661625438,0.5751584,0.294117647,0.690196078,0.870588235
I737,Shooting 1,Person,Wikipedia,0.415300547,0.678132678,0.6072627,0.745098039,0.670588235,0.576470588
I738,Shot 1,Object,Pixabay,0.307832423,0.626535627,0.4746953,0.776470588,0.568627451,0.462745098
I739,Shot 2,Person,Pixabay,0.480874317,0.601965602,0.341322,0.184313725,0.192156863,0.125490196
I740,Shot 3,Object,Pixabay,0.150273224,0.615431865,0.5137781,0.666666667,0.478431373,0.415686275
I741,Shot 4,Object,Pixabay,0.267759563,0.474201474,0.4285846,0.462745098,0.403921569,0.317647059
I742,Shot 5,Object,Pixabay,0.357012751,0.501228501,0.6371478,0.121568627,0.235294118,0.266666667
I743,Siblings 1,Person,Pixabay,0.946771909,0.567709318,0.5961863,0.725490196,0.71372549,0.709803922
I744,Sidewalk 1,Object,Pixabay,0.595628415,0.14987715,0.4825463,0.42745098,0.615686275,0.588235294
I745,Sidewalk 2,Object,Pixabay,0.64298725,0.179361179,0.7873147,0.815686275,0.8,0.768627451
I746,Sidewalk 3,Object,Pixabay,0.592526466,0.133990124,0.7273734,0.741176471,0.733333333,0.733333333
I747,Sidewalk 4,Object,Pixabay,0.808743169,0.42014742,0.2417981,0.133333333,0.129411765,0.094117647
I748,Sidewalk 5,Object,Pixabay,0.62295082,0.071253071,0.6019044,0.505882353,0.533333333,0.552941176
I749,Sidewalk 6,Object,Pixabay,0.320582878,0.056511056,0.5249059,0.529411765,0.509803922,0.494117647
I750,Skier 1,Person,Wikipedia,0.810868245,0.627362502,0.5807497,0.560784314,0.564705882,0.643137255
I751,Skijump 1,Scene,Wikipedia,0.630236794,0.57002457,0.6072111,0.847058824,0.862745098,0.862745098
I752,Skijump 2,Scene,Wikipedia,0.697379574,0.620667446,0.4310845,0.482352941,0.576470588,0.678431373
I753,Skinhead 1,Person,Wikipedia,0.361870067,0.41022491,0.4968288,0.188235294,0.235294118,0.254901961
I754,Sky 1,Scene,Pixabay,0.657559199,0.292383292,0.282958,0.266666667,0.325490196,0.419607843
I755,Skydiving 1,Scene,Pixabay,0.766140457,0.741896617,0.4261702,0.254901961,0.298039216,0.356862745
I756,Skydiving 2,Person,Pixabay,0.785063752,0.722358722,0.5860347,0.450980392,0.588235294,0.62745098
I757,Skydiving 3,Person,Pixabay,0.737849195,0.832685289,0.369523,0.239215686,0.474509804,0.678431373
I758,Skydiving 4,Person,Pixabay,0.795992714,0.670761671,0.6987399,0.929411765,0.933333333,0.933333333
I759,Skydiving 5,Person,Pixabay,0.703096539,0.85012285,0.5568461,0.576470588,0.541176471,0.537254902
I760,Skyscraper 1,Scene,Wikipedia,0.561424813,0.138206388,0.3810819,0.317647059,0.450980392,0.592156863
I761,Skyscraper 2,Scene,Wikipedia,0.628415301,0.297297297,0.4154763,0.184313725,0.223529412,0.235294118
I762,Sleepy pose 1,Person,Wikipedia,0.275045537,0.442260442,0.5530445,0.615686275,0.494117647,0.37254902
I763,Sleepy pose 2,Person,Wikipedia,0.469945355,0.226044226,0.3003268,0.133333333,0.129411765,0.152941176
I764,Sleepy pose 3,Person,Flickr/Kevin,0.482695811,0.164619165,0.4973135,0.254901961,0.254901961,0.270588235
I765,Sleepy pose 4,Person,Flickr/matt,0.530054645,0.206388206,0.4168651,0.274509804,0.145098039,0.129411765
I766,Smiling face 1,Person,Pixabay,0.841833637,0.603501229,0.4231744,0.239215686,0.239215686,0.239215686
I767,Snake 1,Animal,Wikipedia,0.35154827,0.616707617,0.4653962,0.717647059,0.447058824,0.168627451
I768,Snake 2,Animal,Wikipedia,0.366120219,0.636363636,0.4223619,0.537254902,0.435294118,0.333333333
I769,Snake 3,Animal,Wikipedia,0.335154827,0.714987715,0.5071142,0.478431373,0.631372549,0.243137255
I770,Snake 4,Animal,Wikipedia,0.234972678,0.771498772,0.4514991,0.223529412,0.164705882,0.117647059
I771,Snake 5,Animal,Wikipedia,0.333152987,0.671262613,0.4808955,0.654901961,0.603921569,0.478431373
I772,Snake 6,Animal,Wikipedia,0.37178308,0.630304621,0.5211906,0.533333333,0.474509804,0.439215686
I773,Snow 1,Scene,Pixabay,0.653916211,0.147420147,0.8682659,0.850980392,0.839215686,0.82745098
I774,Snow 2,Scene,Pixabay,0.639344262,0.14004914,0.795624,0.831372549,0.819607843,0.776470588
I775,Snow 3,Scene,Pixabay,0.642278891,0.159681535,0.6380055,0.643137255,0.62745098,0.647058824
I776,Snow 4,Scene,Pixabay,0.434122647,0.240809866,0.5981576,0.439215686,0.521568627,0.607843137
I777,Snow 5,Scene,Pixabay,0.690346084,0.2997543,0.5542071,0.556862745,0.556862745,0.568627451
I778,Soccer 1,Object,Pixabay,0.604735883,0.186732187,0.3893789,0.474509804,0.384313725,0.133333333
I779,Soccer 2,Object,Pixabay,0.647712312,0.290594213,0.4617053,0.270588235,0.294117647,0.121568627
I780,Socks 1,Object,Pixabay,0.575187209,0.052305802,0.3528773,0.141176471,0.156862745,0.17254902
I781,Solar panel 1,Scene,Pixabay,0.724954463,0.257985258,0.5127164,0.917647059,0.858823529,0.77254902
I782,Soldiers 1,Scene,Pixabay,0.566585711,0.577253827,0.2190813,0.156862745,0.121568627,0.098039216
I783,Soldiers 2,Person,Pixabay,0.539180148,0.449607595,0.4565597,0.219607843,0.219607843,0.219607843
I784,Soldiers 3,Person,Pixabay,0.60908222,0.685718375,0.3324967,0.22745098,0.215686275,0.192156863
I785,Soldiers 4,Scene,Pixabay,0.661202186,0.643734644,0.6715248,0.796078431,0.764705882,0.717647059
I786,Soldiers 5,Person,Wikipedia,0.7120958,0.420696071,0.3816678,0.196078431,0.180392157,0.203921569
I787,Soldiers 6,Person,Pixabay,0.554543615,0.431700057,0.5392274,0.211764706,0.211764706,0.211764706
I788,Soldiers 7,Person,Pixabay,0.279806669,0.591755922,0.3076631,0.450980392,0.294117647,0.219607843
I789,Soldiers 8,Person,Pixabay,0.260372394,0.555778681,0.4203587,0.223529412,0.207843137,0.196078431
I790,Soldiers 9,Person,Pixabay,0.438979964,0.73955774,0.5235515,0.482352941,0.431372549,0.392156863
I791,Soldiers 10,Scene,Pixabay,0.277967141,0.615848859,0.7024942,0.654901961,0.611764706,0.529411765
I792,Soup 1,Object,Pixabay,0.73233061,0.319505737,0.278762,0.764705882,0.643137255,0.521568627
I793,Spider 1,Animal,Pixabay,0.364298725,0.577395577,0.3140644,0.278431373,0.352941176,0.478431373
I794,Spider 2,Animal,Pixabay,0.333333333,0.746928747,0.6657005,0.71372549,0.705882353,0.705882353
I795,Statue 1,Object,Pixabay,0.785063752,0.276601777,0.4590931,0.42745098,0.380392157,0.305882353
I796,Statue 2,Object,Pixabay,0.730418944,0.415233415,0.3719506,0.262745098,0.278431373,0.223529412
I797,Stingray 1,Animal,Pixabay,0.638514671,0.464063357,0.5778076,0.521568627,0.57254902,0.584313725
I798,Stingray 2,Animal,Pixabay,0.677595628,0.506142506,0.5428717,0.494117647,0.643137255,0.678431373
I799,Stingray 3,Animal,Pixabay,0.636675143,0.594165216,0.3853263,0.270588235,0.274509804,0.329411765
I800,Storage 1,Object,Pixabay,0.540983607,0.081081081,0.6636204,0.737254902,0.741176471,0.741176471
I801,Storage 2,Object,Pixabay,0.539180148,0.138808712,0.4067812,0.215686275,0.247058824,0.160784314
I802,Storage 3,Object,Pixabay,0.482695811,0.213759214,0.3849166,0.250980392,0.219607843,0.207843137
I803,Street 1,Scene,Pixabay,0.639344262,0.240786241,0.5503399,0.443137255,0.443137255,0.415686275
I804,Street 2,Scene,Pixabay,0.650880389,0.36488849,0.5632461,0.337254902,0.321568627,0.329411765
I805,Street 3,Scene,Pixabay,0.734061931,0.400491401,0.6618592,0.764705882,0.760784314,0.77254902
I806,Street 4,Scene,Pixabay,0.701275046,0.253071253,0.6998396,0.729411765,0.729411765,0.639215686
I807,Street 5,Scene,Pixabay,0.546448087,0.135135135,0.4363078,0.439215686,0.42745098,0.380392157
I808,Sun 1,Object,Pixabay,0.614600804,0.697764843,0.3176425,0.760784314,0.141176471,0.035294118
I809,Sunflower 1,Scene,Pixabay,0.885011452,0.529114286,0.4995035,0.235294118,0.31372549,0.149019608
I810,Sunset 1,Scene,Pixabay,0.921675774,0.515970516,0.1617984,0.231372549,0.015686275,0.015686275
I811,Sunset 2,Scene,Pixabay,0.910746812,0.5995086,0.2011898,0.91372549,0.274509804,0.02745098
I812,Sunset 3,Scene,Pixabay,0.931289213,0.500897751,0.3391262,0.529411765,0.2,0.129411765
I813,Sunset 4,Scene,Pixabay,0.928961749,0.651105651,0.3937238,0.866666667,0.682352941,0.623529412
I814,Sunset 5,Scene,Pixabay,0.886561425,0.457947458,0.1737062,0.192156863,0.11372549,0.11372549
I815,Sunset 6,Scene,Pixabay,0.874519328,0.405452655,0.4273185,0.796078431,0.4,0.035294118
I816,Surgery 1,Person,Pixabay,0.335154827,0.668304668,0.2116036,0.078431373,0.125490196,0.133333333
I817,Surgery 2,Person,Pixabay,0.537340619,0.503283878,0.2157118,0.164705882,0.168627451,0.156862745
I818,Surgery 3,Person,Wikipedia,0.477130136,0.551006426,0.4966854,0.384313725,0.549019608,0.639215686
I819,Surgery 4,Person,Wikipedia,0.441685152,0.545979342,0.4827116,0.443137255,0.552941176,0.607843137
I820,Surgery 5,Person,Wikipedia,0.535519126,0.614250614,0.4420089,0.192156863,0.270588235,0.317647059
I821,Surprise 1,Person,Pixabay,0.664845173,0.58968059,0.5651368,0.549019608,0.525490196,0.525490196
I822,Surprise 2,Person,Pixabay,0.777777778,0.484029484,0.6107699,0.682352941,0.639215686,0.619607843
I823,Swimming 1,Person,Pixabay,0.734170138,0.478519119,0.6521659,0.462745098,0.678431373,0.752941176
I824,Swingset 1,Object,Pixabay,0.595628415,0.253071253,0.5699698,0.701960784,0.615686275,0.474509804
I825,Thunderstorm 1,Scene,Pixabay,0.382513661,0.708490834,0.3184632,0.22745098,0.247058824,0.258823529
I826,Thunderstorm 2,Scene,Pixabay,0.733454766,0.708490834,0.2890663,0.384313725,0.278431373,0.349019608
I827,Thunderstorm 3,Scene,Pixabay,0.529982507,0.74113213,0.3888554,0.31372549,0.388235294,0.415686275
I828,Thunderstorm 4,Scene,Pixabay,0.434327039,0.731494955,0.2611693,0.784313725,0.823529412,0.878431373
I829,Thunderstorm 5,Scene,Pixabay,0.677144764,0.702583431,0.3343949,0.282352941,0.309803922,0.42745098
I830,Thunderstorm 6,Scene,Pixabay,0.631957094,0.698946324,0.3605569,0.28627451,0.356862745,0.443137255
I831,Thunderstorm 7,Scene,Pixabay,0.627477502,0.611030271,0.3732991,0.333333333,0.168627451,0.529411765
I832,Thunderstorm 8,Scene,Pixabay,0.606557377,0.756756757,0.3725046,0.443137255,0.380392157,0.431372549
I833,Thunderstorm 9,Scene,Pixabay,0.650273224,0.759213759,0.3724221,0.176470588,0.196078431,0.258823529
I834,Thunderstorm 10,Scene,Pixabay,0.605403163,0.673671907,0.6834039,0.756862745,0.77254902,0.862745098
I835,Thunderstorm 11,Scene,Pixabay,0.527018822,0.67508505,0.3348088,0.305882353,0.337254902,0.749019608
I836,Tickling 1,Person,Wikipedia,0.790528233,0.542997543,0.4332003,0.51372549,0.349019608,0.203921569
I837,Tiger 1,Animal,Pixabay,0.675305236,0.796545884,0.2630611,0.690196078,0.556862745,0.403921569
I838,Tiger 2,Animal,Pixabay,0.795992714,0.670761671,0.5657787,0.733333333,0.474509804,0.22745098
I839,Timber 1,Object,Pixabay,0.50606864,0.242408339,0.3981029,0.396078431,0.396078431,0.411764706
I840,Timber 2,Object,Pixabay,0.599271403,0.103194103,0.4929138,0.721568627,0.57254902,0.4
I841,Timber 3,Object,Pixabay,0.559704513,0.147750898,0.2384381,0.188235294,0.2,0.243137255
I842,Timber 4,Object,Pixabay,0.593806922,0.142506142,0.6626052,0.756862745,0.741176471,0.71372549
I843,Toast 1,Person,Pixabay,0.686342405,0.490565588,0.3490976,0.866666667,0.682352941,0.549019608
I844,Toilet 1,Object,Pixabay,0.500910747,0.164619165,0.56322,0.537254902,0.533333333,0.529411765
I845,Toilet 2,Object,Pixabay,0.471969237,0.147750898,0.5584394,0.549019608,0.545098039,0.541176471
I846,Toilet 3,Object,Pixabay,0.506375228,0.167076167,0.6277877,0.678431373,0.674509804,0.674509804
I847,Toilet 4,Object,Pixabay,0.265090444,0.362873023,0.5973493,0.721568627,0.701960784,0.705882353
I848,Tornado 1,Scene,Pixabay,0.183970856,0.835380835,0.2249103,0.807843137,0.768627451,0.568627451
I849,Tornado 2,Scene,Pixabay,0.448087432,0.751842752,0.2293473,0.196078431,0.160784314,0.125490196
I850,Tornado 3,Scene,Pixabay,0.28900431,0.74113213,0.4787346,0.537254902,0.607843137,0.560784314
I851,Tornado 4,Scene,Pixabay,0.295081967,0.855036855,0.3569753,0.274509804,0.325490196,0.384313725
I852,Tornado 5,Scene,Pixabay,0.397996357,0.641679267,0.4688939,0.274509804,0.301960784,0.298039216
I853,Torture chamber 1,Object,Wikipedia,0.418943534,0.385749386,0.329874,0.219607843,0.145098039,0.074509804
I854,Traffic 1,Scene,Pixabay,0.653230897,0.630304621,0.2893718,0.184313725,0.152941176,0.133333333
I855,Tumor 1,Person,Wikipedia,0.054644809,0.805896806,0.585891,0.647058824,0.509803922,0.525490196
I856,Volcano 1,Scene,Pixabay,0.491352414,0.567662985,0.5519028,0.305882353,0.317647059,0.333333333
I857,Volcano 2,Scene,Pixabay,0.284153006,0.87960688,0.4862693,0.31372549,0.345098039,0.419607843
I858,Volcano 3,Scene,Pixabay,0.6095932,0.586798337,0.4506271,0.270588235,0.490196078,0.560784314
I859,Wall 1,Object,Pixabay,0.551912568,0.027027027,0.9106066,0.870588235,0.843137255,0.764705882
I860,Wall 2,Object,Pixabay,0.5428051,0,0.6038219,0.62745098,0.552941176,0.48627451
I861,Wall 3,Object,Pixabay,0.548269581,0.029484029,0.8682638,0.878431373,0.835294118,0.654901961
I862,Wall 4,Object,Pixabay,0.535501091,0.035209084,0.5432692,0.517647059,0.505882353,0.509803922
I863,Wall 5,Object,Pixabay,0.535501091,0.037618377,0.7893935,0.788235294,0.788235294,0.788235294
I864,War 1,Person,Pixabay,0.121028132,0.820638821,0.6390747,0.160784314,0.152941176,0.145098039
I865,War 2 ,Scene,Pixabay,0.239337049,0.717039193,0.480251,0.556862745,0.541176471,0.529411765
I866,War 3,Person,Pixabay,0.437563246,0.648837649,0.630996,0.188235294,0.188235294,0.188235294
I867,War 4,Person,Pixabay,0.346083789,0.766584767,0.7451411,0.862745098,0.858823529,0.835294118
I868,War 5,Scene,Pixabay,0.250374218,0.668853319,0.5167549,0.556862745,0.556862745,0.556862745
I869,War 6,Person,Pixabay,0.052823315,0.825552826,0.473931,0.615686275,0.505882353,0.380392157
I870,War 7,Person,Pixabay,0.384659778,0.635123208,0.6439225,0.77254902,0.890196078,0.968627451
I871,War 8,Scene,Pixabay,0.112932605,0.855036855,0.5483208,0.811764706,0.811764706,0.811764706
I872,Waterfall 1,Scene,Pixabay,0.803278689,0.574938575,0.09578803,0.047058824,0.043137255,0.035294118
I873,Weapon 1,Object,Wikipedia,0.322303178,0.522372897,0.5059762,0.321568627,0.37254902,0.474509804
I874,Wedding 1,Person,Pixabay,0.848220888,0.596574509,0.4774306,0.196078431,0.2,0.207843137
I875,Wedding 2,Person,Pixabay,0.868852459,0.533169533,0.6148939,0.71372549,0.658823529,0.6
I876,Wedding 3,Person,Pixabay,0.868852459,0.5995086,0.6200239,0.725490196,0.623529412,0.529411765
I877,Wedding 4,Object,Pixabay,0.874519328,0.352957853,0.5742726,0.57254902,0.447058824,0.352941176
I878,Wedding 5,Person,Pixabay,0.859744991,0.621621622,0.7794979,0.850980392,0.839215686,0.835294118
I879,Wedding 6,Person,Pixabay,0.908925319,0.553207223,0.3891883,0.776470588,0.658823529,0.588235294
I880,Wedding 7,Object,Pixabay,0.775956284,0.385749386,0.6082909,0.203921569,0.321568627,0.058823529
I881,Wedding 8,Object,Pixabay,0.839708561,0.538083538,0.525975,0.588235294,0.588235294,0.588235294
I882,Wedding 9,Person,Pixabay,0.865209472,0.584766585,0.4489743,0.384313725,0.423529412,0.392156863
I883,Wedding 10,Person,Pixabay,0.870673953,0.611793612,0.540443,0.768627451,0.741176471,0.729411765
I884,Wedding 11,Object,Pixabay,0.726775956,0.444717445,0.6359513,0.811764706,0.784313725,0.745098039
I885,Wedding 12,Scene,Pixabay,0.704209674,0.2002457,0.3008848,0.164705882,0.098039216,0.078431373
I886,Wedding ring 1,Object,Pixabay,0.863387978,0.488943489,0.4496762,0.560784314,0.458823529,0.494117647
I887,Windmill 1,Object,Pixabay,0.382513661,0.20979021,0.6301,0.415686275,0.619607843,0.870588235
I888,Wolf 1,Animal,Pixabay,0.807751267,0.639941795,0.7631142,0.862745098,0.850980392,0.843137255
I889,Wolf 2,Animal,Flickr/Tambako The Jaguar,0.367941712,0.73955774,0.5839233,0.580392157,0.588235294,0.556862745
I890,Woods 1,Scene,Pixabay,0.49726776,0.366093366,0.3976007,0.423529412,0.419607843,0.419607843
I891,Yarn 1,Object,Pixabay,0.276867031,0.044226044,0.6173933,0.533333333,0.533333333,0.533333333
I892,Yarn 2,Object,Pixabay,0.55757543,0.117125069,0.3447644,0.454901961,0.321568627,0.239215686
I893,Yarn 3,Object,Pixabay,0.593806922,0.061425061,0.4558013,0.57254902,0.403921569,0.168627451
I894,Yarn 4,Object,Pixabay,0.575187209,0.071394821,0.4597749,0.294117647,0.384313725,0.28627451
I895,Yoga 1,Person,Pixabay,0.828071241,0.441244566,0.5346409,0.270588235,0.8,0.964705882
I896,Yoga 2,Person,Pixabay,0.368751265,0.35534398,0.5549394,0.650980392,0.6,0.549019608
I897,Yoga 3,Person,Pixabay,0.81420765,0.484029484,0.8238316,0.815686275,0.82745098,0.815686275
I898,Yoga 4,Person,Pixabay,0.857923497,0.57002457,0.3760026,0.894117647,0.662745098,0.411764706
I899,Yoga 5,Person,Pixabay,0.435336976,0.398034398,0.4030786,0.560784314,0.419607843,0.235294118
I900,Zebra 1,Animal,Pixabay,0.872799029,0.46510584,0.500876,0.560784314,0.537254902,0.521568627
